对应主索节点编号,伸缩量（米）
A0,0.3835,
B1,0.3932,
C1,0.2893,
D1,0.3288,
E1,0.4466,
A1,0.4795,
A3,0.4918,
B2,0.4188,
B3,0.3064,
C2,0.2036,
C3,0.2331,
D2,0.2890,
D3,0.4029,
E2,0.5151,
E3,0.5348,
A2,0.5681,
A5,0.5807,
A6,0.5166,
B4,0.4578,
B5,0.3413,
B6,0.2289,
C4,0.1326,
C5,0.1485,
C6,0.1949,
D4,0.2672,
D5,0.3728,
D6,0.4823,
E4,0.5822,
E5,0.5915,
E6,0.6000,
A4,0.6000,
A8,0.6000,
A9,0.6000,
A10,0.5510,
B7,0.5070,
B8,0.3911,
B9,0.2736,
B10,0.1668,
C7,0.0811,
C8,0.0811,
C9,0.1142,
C10,0.1775,
D7,0.2650,
D8,0.3590,
D9,0.4612,
D10,0.5596,
E7,0.6000,
E8,0.6000,
E9,0.6000,
E10,0.6000,
A7,0.6000,
A12,0.6000,
A13,0.6000,
A14,0.6000,
A15,0.5919,
B11,0.5610,
B12,0.4525,
B13,0.3347,
B14,0.2212,
B15,0.1241,
C11,0.0523,
C12,0.0346,
C13,0.0520,
C14,0.1027,
C15,0.1821,
D11,0.2828,
D12,0.3631,
D13,0.4546,
D14,0.5471,
D15,0.6000,
E11,0.6000,
E12,0.6000,
E13,0.6000,
E14,0.6000,
E15,0.6000,
A11,0.6000,
A17,0.6000,
A18,0.6000,
A19,0.6000,
A20,0.6000,
A21,0.6000,
B16,0.6000,
B17,0.5189,
B18,0.4073,
B19,0.2927,
B20,0.1881,
B21,0.1043,
C16,0.0485,
C17,0.0133,
C18,0.0130,
C19,0.0481,
C20,0.1153,
C21,0.2085,
D16,0.3190,
D17,0.3840,
D18,0.4625,
D19,0.5456,
D20,0.6000,
D21,0.6000,
E16,0.6000,
E17,0.6000,
E18,0.6000,
E19,0.6000,
E20,0.6000,
E21,0.6000,
A16,0.6000,
A23,0.6000,
A24,0.6000,
A25,0.6000,
A26,0.6000,
A27,0.6000,
A28,0.6000,
B22,0.6000,
B23,0.5844,
B24,0.4850,
B25,0.3757,
B26,0.2689,
B27,0.1772,
B28,0.1085,
C22,0.0695,
C23,0.0176,
C24,0.0000,
C25,0.0176,
C26,0.0698,
C27,0.1510,
C28,0.2546,
D22,0.3708,
D23,0.4202,
D24,0.4847,
D25,0.5554,
D26,0.6000,
D27,0.6000,
D28,0.6000,
E22,0.6000,
E23,0.6000,
E24,0.6000,
E25,0.6000,
E26,0.6000,
E27,0.6000,
E28,0.6000,
A22,0.5556,
A30,0.5234,
A31,0.6000,
A32,0.6000,
A33,0.6000,
A34,0.6000,
A35,0.6000,
A36,0.6000,
B29,0.6000,
B30,0.6000,
B31,0.5609,
B32,0.4626,
B33,0.3603,
B34,0.2655,
B35,0.1883,
B36,0.1362,
C29,0.1141,
C30,0.0476,
C31,0.0130,
C32,0.0132,
C33,0.0482,
C34,0.1147,
C35,0.2073,
C36,0.3175,
D29,0.4341,
D30,0.4689,
D31,0.5182,
D32,0.5755,
D33,0.6000,
D34,0.6000,
D35,0.6000,
D36,0.6000,
E29,0.6000,
E30,0.6000,
E31,0.6000,
E32,0.6000,
E33,0.6000,
E34,0.5872,
E35,0.5456,
E36,0.4816,
A29,0.3881,
A38,0.3262,
A39,0.4680,
A40,0.5640,
A41,0.6000,
A42,0.6000,
A43,0.6000,
A44,0.6000,
A45,0.6000,
B37,0.6000,
B38,0.6000,
B39,0.6000,
B40,0.5497,
B41,0.4577,
B42,0.3652,
B43,0.2846,
B44,0.2238,
B45,0.1889,
C37,0.1795,
C38,0.1041,
C39,0.0538,
C40,0.0364,
C41,0.0536,
C42,0.1042,
C43,0.1830,
C44,0.2833,
C45,0.3951,
D37,0.5036,
D38,0.5282,
D39,0.5626,
D40,0.6000,
D41,0.6000,
D42,0.6000,
D43,0.6000,
D44,0.6000,
D45,0.6000,
E37,0.4782,
E38,0.5056,
E39,0.5237,
E40,0.5268,
E41,0.5152,
E42,0.4871,
E43,0.4399,
E44,0.3685,
E45,0.2665,
A37,0.1404,
A47,0.0517,
A48,0.2414,
A49,0.3905,
A50,0.4958,
A51,0.5668,
A52,0.6000,
A53,0.6000,
A54,0.6000,
A55,0.6000,
B46,0.6000,
B47,0.6000,
B48,0.6000,
B49,0.6000,
B50,0.5505,
B51,0.4677,
B52,0.3886,
B53,0.3239,
B54,0.2797,
B55,0.2574,
C46,0.2612,
C47,0.1786,
C48,0.1195,
C49,0.0865,
C50,0.0862,
C51,0.1191,
C52,0.1822,
C53,0.2692,
C54,0.3719,
C55,0.4753,
D46,0.5723,
D47,0.5857,
D48,0.6000,
D49,0.6000,
D50,0.6000,
D51,0.6000,
D52,0.6000,
D53,0.6000,
D54,0.5950,
D55,0.4735,
E46,0.2856,
E47,0.3324,
E48,0.3578,
E49,0.3720,
E50,0.3666,
E51,0.3398,
E52,0.2904,
E53,0.2138,
E54,0.1057,
E55,-0.0255,
A46,-0.1984,
A57,-0.3192,
A58,-0.0665,
A59,0.1283,
A60,0.2855,
A61,0.3985,
A62,0.4783,
A63,0.5321,
A64,0.5644,
A65,0.5855,
A66,0.5943,
B56,0.5925,
B57,0.6000,
B58,0.6000,
B59,0.6000,
B60,0.6000,
B61,0.5627,
B62,0.4924,
B63,0.4282,
B64,0.3796,
B65,0.3483,
B66,0.3392,
C56,0.3534,
C57,0.2682,
C58,0.2013,
C59,0.1594,
C60,0.1430,
C61,0.1589,
C62,0.2051,
C63,0.2764,
C64,0.3664,
C65,0.4612,
C66,0.5542,
D56,0.6000,
D57,0.6000,
D58,0.6000,
D59,0.6000,
D60,0.6000,
D61,0.6000,
D62,0.6000,
D63,0.6000,
D64,0.5766,
D65,0.4553,
D66,0.2724,
E56,0.0153,
E57,0.0863,
E58,0.1306,
E59,0.1504,
E60,0.1561,
E61,0.1343,
E62,0.0865,
E63,0.0102,
E64,-0.1021,
E65,-0.2374,
E66,-0.4145,
A56,-0.6000,
A68,-0.6000,
A69,-0.4738,
A70,-0.2180,
A71,-0.0180,
A72,0.1445,
A73,0.2651,
A74,0.3516,
A75,0.4106,
A76,0.4504,
A77,0.4718,
A78,0.4773,
B67,0.4671,
B68,0.6000,
B69,0.6000,
B70,0.6000,
B71,0.6000,
B72,0.6000,
B73,0.5850,
B74,0.5290,
B75,0.4803,
B76,0.4444,
B77,0.4262,
B78,0.4280,
C67,0.4494,
C68,0.3664,
C69,0.2963,
C70,0.2460,
C71,0.2205,
C72,0.2209,
C73,0.2497,
C74,0.3045,
C75,0.3793,
C76,0.4620,
C77,0.5473,
C78,0.6000,
D67,0.6000,
D68,0.6000,
D69,0.6000,
D70,0.6000,
D71,0.6000,
D72,0.6000,
D73,0.6000,
D74,0.6000,
D75,0.5461,
D76,0.4224,
D77,0.2415,
D78,-0.0093,
E67,-0.3429,
E68,-0.2417,
E69,-0.1739,
E70,-0.1362,
E71,-0.1270,
E72,-0.1389,
E73,-0.1809,
E74,-0.2552,
E75,-0.3651,
E76,-0.5018,
E77,-0.6000,
E78,-0.6000,
A67,-0.6000,
A80,-0.6000,
A81,-0.6000,
A82,-0.6000,
A83,-0.4119,
A84,-0.2042,
A85,-0.0356,
A86,0.0908,
A87,0.1815,
A88,0.2433,
A89,0.2838,
A90,0.3018,
A91,0.2992,
B79,0.2784,
B80,0.4763,
B81,0.6000,
B82,0.6000,
B83,0.6000,
B84,0.6000,
B85,0.6000,
B86,0.6000,
B87,0.5723,
B88,0.5382,
B89,0.5154,
B90,0.5080,
B91,0.5173,
C79,0.5407,
C80,0.4669,
C81,0.3983,
C82,0.3440,
C83,0.3098,
C84,0.2987,
C85,0.3123,
C86,0.3504,
C87,0.4092,
C88,0.4788,
C89,0.5525,
C90,0.6000,
C91,0.6000,
D79,0.6000,
D80,0.6000,
D81,0.6000,
D82,0.6000,
D83,0.6000,
D84,0.6000,
D85,0.6000,
D86,0.5902,
D87,0.5003,
D88,0.3710,
D89,0.1888,
D90,-0.0600,
D91,-0.3871,
E79,-0.6000,
E80,-0.6000,
E81,-0.5708,
E82,-0.5096,
E83,-0.4831,
E84,-0.4849,
E85,-0.5165,
E86,-0.5849,
E87,-0.6000,
E88,-0.6000,
E89,-0.6000,
E90,-0.6000,
E91,-0.6000,
A79,-0.6000,
A93,-0.6000,
A94,-0.6000,
A95,-0.6000,
A96,-0.6000,
A97,-0.6000,
A98,-0.4372,
A99,-0.2644,
A100,-0.1346,
A101,-0.0425,
A102,0.0195,
A103,0.0560,
A104,0.0666,
A105,0.0541,
B92,0.0163,
B93,0.2841,
B94,0.4720,
B95,0.5951,
B96,0.6000,
B97,0.6000,
B98,0.6000,
B99,0.6000,
B100,0.6000,
B101,0.6000,
B102,0.5964,
B103,0.5845,
B104,0.5848,
B105,0.5968,
C92,0.6000,
C93,0.5588,
C94,0.4982,
C95,0.4450,
C96,0.4061,
C97,0.3865,
C98,0.3879,
C99,0.4108,
C100,0.4537,
C101,0.5083,
C102,0.5696,
C103,0.6000,
C104,0.6000,
C105,0.6000,
D92,0.6000,
D93,0.6000,
D94,0.6000,
D95,0.6000,
D96,0.6000,
D97,0.6000,
D98,0.5979,
D99,0.5331,
D100,0.4351,
D101,0.2996,
D102,0.1130,
D103,-0.1357,
D104,-0.4591,
D105,-0.6000,
E92,-0.6000,
E93,-0.6000,
E94,-0.6000,
E95,-0.6000,
E96,-0.6000,
E97,-0.6000,
E98,-0.6000,
E99,-0.6000,
E100,-0.6000,
E101,-0.6000,
E102,-0.6000,
E103,-0.6000,
E104,-0.6000,
E105,-0.6000,
A92,-0.6000,
A107,-0.6000,
A108,-0.6000,
A109,-0.6000,
A110,-0.6000,
A111,-0.6000,
A112,-0.6000,
A113,-0.6000,
A114,-0.5493,
A115,-0.4217,
A116,-0.3298,
A117,-0.2706,
A118,-0.2414,
A119,-0.2416,
A120,-0.2707,
B106,-0.3298,
B107,0.0146,
B108,0.2718,
B109,0.4545,
B110,0.5771,
B111,0.6000,
B112,0.6000,
B113,0.6000,
B114,0.6000,
B115,0.6000,
B116,0.6000,
B117,0.6000,
B118,0.6000,
B119,0.6000,
B120,0.6000,
C106,0.6000,
C107,0.6000,
C108,0.5866,
C109,0.5401,
C110,0.5018,
C111,0.4774,
C112,0.4699,
C113,0.4801,
C114,0.5083,
C115,0.5482,
C116,0.5959,
C117,0.6000,
C118,0.6000,
C119,0.6000,
C120,0.6000,
D106,0.6000,
D107,0.6000,
D108,0.6000,
D109,0.6000,
D110,0.6000,
D111,0.5719,
D112,0.5232,
D113,0.4516,
D114,0.3448,
D115,0.2022,
D116,0.0108,
D117,-0.2388,
D118,-0.5611,
D119,-0.6000,
D120,-0.6000,
E106,-0.6000,
E107,-0.6000,
E108,-0.6000,
E109,-0.6000,
E110,-0.6000,
E111,-0.6000,
E112,-0.6000,
E113,-0.6000,
E114,-0.6000,
E115,-0.6000,
E116,-0.6000,
E117,-0.6000,
E118,-0.6000,
E119,-0.6000,
E120,-0.6000,
A106,-0.6000,
A122,-0.6000,
A123,-0.6000,
A124,-0.6000,
A125,-0.6000,
A126,-0.6000,
A127,-0.6000,
A128,-0.6000,
A129,-0.6000,
A130,-0.6000,
A131,-0.6000,
A132,-0.6000,
A133,-0.6000,
A134,-0.6000,
A135,-0.6000,
A136,-0.6000,
B121,-0.6000,
B122,-0.3418,
B123,-0.0092,
B124,0.2414,
B125,0.4222,
B126,0.5462,
B127,0.6000,
B128,0.6000,
B129,0.6000,
B130,0.6000,
B131,0.6000,
B132,0.6000,
B133,0.6000,
B134,0.6000,
B135,0.6000,
B136,0.6000,
C121,0.6000,
C122,0.6000,
C123,0.6000,
C124,0.6000,
C125,0.5875,
C126,0.5628,
C127,0.5505,
C128,0.5517,
C129,0.5668,
C130,0.5937,
C131,0.6000,
C132,0.6000,
C133,0.6000,
C134,0.6000,
C135,0.6000,
C136,0.6000,
D121,0.4962,
D122,0.5198,
D123,0.5287,
D124,0.5238,
D125,0.5051,
D126,0.4700,
D127,0.4149,
D128,0.3351,
D129,0.2238,
D130,0.0742,
D131,-0.1224,
D132,-0.3761,
D133,-0.6000,
D134,-0.6000,
D135,-0.6000,
D136,-0.6000,
E121,-0.6000,
E122,-0.6000,
E123,-0.6000,
E124,-0.6000,
E125,-0.6000,
E126,-0.6000,
E127,-0.6000,
E128,-0.6000,
E129,-0.6000,
E130,-0.6000,
E131,-0.6000,
E132,-0.6000,
E133,-0.6000,
E134,-0.6000,
E135,-0.6000,
E136,-0.6000,
A121,-0.6000,
A138,-0.6000,
A139,-0.6000,
A140,-0.6000,
A141,-0.6000,
A142,-0.6000,
A143,-0.6000,
A144,-0.6000,
A145,-0.6000,
A146,-0.6000,
A147,-0.6000,
A148,-0.6000,
A149,-0.6000,
A150,-0.6000,
A151,-0.6000,
A152,-0.6000,
A153,-0.6000,
B137,-0.6000,
B138,-0.6000,
B139,-0.4625,
B140,-0.1214,
B141,0.1388,
B142,0.3340,
B143,0.4716,
B144,0.5655,
B145,0.6000,
B146,0.6000,
B147,0.6000,
B148,0.6000,
B149,0.6000,
B150,0.6000,
B151,0.6000,
B152,0.6000,
B153,0.6000,
C137,0.6000,
C138,0.6000,
C139,0.6000,
C140,0.6000,
C141,0.6000,
C142,0.6000,
C143,0.6000,
C144,0.6000,
C145,0.6000,
C146,0.6000,
C147,0.6000,
C148,0.6000,
C149,0.6000,
C150,0.6000,
C151,0.6000,
C152,0.5799,
C153,0.4558,
D137,0.3115,
D138,0.3128,
D139,0.3363,
D140,0.3402,
D141,0.3247,
D142,0.2870,
D143,0.2265,
D144,0.1385,
D145,0.0170,
D146,-0.1534,
D147,-0.3648,
D148,-0.6000,
D149,-0.6000,
D150,-0.6000,
D151,-0.6000,
D152,-0.6000,
D153,-0.6000,
E137,-0.6000,
E138,-0.6000,
E139,-0.6000,
E140,-0.6000,
E141,-0.6000,
E142,-0.6000,
E143,-0.6000,
E144,-0.6000,
E145,-0.6000,
E146,-0.6000,
E147,-0.6000,
E148,-0.6000,
E149,-0.6000,
E150,-0.6000,
E151,-0.6000,
E152,-0.6000,
E153,-0.6000,
A137,-0.6000,
A155,-0.6000,
A156,-0.6000,
A157,-0.6000,
A158,-0.6000,
A159,-0.6000,
A160,-0.6000,
A161,-0.6000,
A162,-0.6000,
A163,-0.6000,
A164,-0.6000,
A165,-0.6000,
A166,-0.6000,
A167,-0.6000,
A168,-0.6000,
A169,-0.6000,
A170,-0.6000,
A171,-0.6000,
B154,-0.6000,
B155,-0.6000,
B156,-0.6000,
B157,-0.6000,
B158,-0.2716,
B159,0.0029,
B160,0.2117,
B161,0.3638,
B162,0.4728,
B163,0.5507,
B164,0.6000,
B165,0.6000,
B166,0.6000,
B167,0.6000,
B168,0.6000,
B169,0.6000,
B170,0.6000,
B171,0.6000,
C154,0.5969,
C155,0.6000,
C156,0.6000,
C157,0.6000,
C158,0.6000,
C159,0.6000,
C160,0.6000,
C161,0.6000,
C162,0.6000,
C163,0.6000,
C164,0.6000,
C165,0.6000,
C166,0.6000,
C167,0.6000,
C168,0.6000,
C169,0.5298,
C170,0.3939,
C171,0.2461,
D154,0.0496,
D155,0.0588,
D156,0.0473,
D157,0.0661,
D158,0.0599,
D159,0.0257,
D160,-0.0358,
D161,-0.1292,
D162,-0.2574,
D163,-0.4385,
D164,-0.6000,
D165,-0.6000,
D166,-0.6000,
D167,-0.6000,
D168,-0.6000,
D169,-0.6000,
D170,-0.6000,
D171,-0.6000,
E154,-0.6000,
E155,-0.6000,
E156,-0.6000,
E157,-0.6000,
E158,-0.6000,
E159,-0.6000,
E160,-0.6000,
E161,-0.6000,
E162,-0.6000,
E163,-0.6000,
E164,-0.6000,
E165,-0.6000,
E166,-0.6000,
E167,-0.6000,
E168,-0.6000,
E169,-0.6000,
E170,-0.6000,
E171,-0.6000,
A154,-0.6000,
A173,-0.6000,
A174,-0.6000,
A175,-0.6000,
A176,-0.6000,
A177,-0.6000,
A178,-0.6000,
A179,-0.6000,
A180,-0.6000,
A181,-0.6000,
A182,-0.6000,
A183,-0.6000,
A184,-0.6000,
A185,-0.6000,
A186,-0.6000,
A187,-0.6000,
A188,-0.6000,
A189,-0.6000,
A190,-0.6000,
B172,-0.6000,
B173,-0.6000,
B174,-0.6000,
B175,-0.6000,
B176,-0.6000,
B177,-0.4652,
B178,-0.1772,
B179,0.0470,
B180,0.2138,
B181,0.3404,
B182,0.4309,
B183,0.4927,
B184,0.5292,
B185,0.5484,
B186,0.5543,
B187,0.5474,
B188,0.5253,
B189,0.5150,
B190,0.4923,
C172,0.4550,
C173,0.5367,
C174,0.5933,
C175,0.6000,
C176,0.6000,
C177,0.6000,
C178,0.6000,
C179,0.6000,
C180,0.6000,
C181,0.6000,
C182,0.6000,
C183,0.6000,
C184,0.6000,
C185,0.6000,
C186,0.5565,
C187,0.4546,
C188,0.3055,
C189,0.1527,
C190,-0.0461,
D172,-0.2991,
D173,-0.2792,
D174,-0.2844,
D175,-0.3141,
D176,-0.3050,
D177,-0.3309,
D178,-0.3886,
D179,-0.4792,
D180,-0.6000,
D181,-0.6000,
D182,-0.6000,
D183,-0.6000,
D184,-0.6000,
D185,-0.6000,
D186,-0.6000,
D187,-0.6000,
D188,-0.6000,
D189,-0.6000,
D190,-0.6000,
E172,-0.6000,
E173,-0.6000,
E174,-0.6000,
E175,-0.6000,
E176,-0.6000,
E177,-0.6000,
E178,-0.6000,
E179,-0.6000,
E180,-0.6000,
E181,-0.6000,
E182,-0.6000,
E183,-0.6000,
E184,-0.6000,
E185,-0.6000,
E186,-0.6000,
E187,-0.6000,
E188,-0.6000,
E189,-0.6000,
E190,-0.6000,
A172,-0.6000,
A192,-0.6000,
A193,-0.6000,
A194,-0.6000,
A195,-0.6000,
A196,-0.6000,
A197,-0.6000,
A198,-0.6000,
A199,-0.6000,
A200,-0.6000,
A201,-0.6000,
A202,-0.6000,
A203,-0.6000,
A204,-0.6000,
A205,-0.6000,
A206,-0.6000,
A207,-0.6000,
A208,-0.6000,
A209,-0.6000,
A210,-0.6000,
B191,-0.6000,
B192,-0.6000,
B193,-0.6000,
B194,-0.6000,
B195,-0.6000,
B196,-0.6000,
B197,-0.6000,
B198,-0.4087,
B199,-0.1693,
B200,0.0150,
B201,0.1536,
B202,0.2541,
B203,0.3238,
B204,0.3611,
B205,0.3784,
B206,0.3768,
B207,0.3565,
B208,0.3524,
B209,0.3322,
B210,0.2945,
C191,0.2369,
C192,0.3573,
C193,0.4464,
C194,0.5107,
C195,0.5554,
C196,0.6000,
C197,0.6000,
C198,0.6000,
C199,0.6000,
C200,0.6000,
C201,0.6000,
C202,0.6000,
C203,0.5987,
C204,0.5448,
C205,0.4634,
C206,0.3464,
C207,0.1838,
C208,0.0254,
C209,-0.1772,
C210,-0.4312,
D191,-0.6000,
D192,-0.6000,
D193,-0.6000,
D194,-0.6000,
D195,-0.6000,
D196,-0.6000,
D197,-0.6000,
D198,-0.6000,
D199,-0.6000,
D200,-0.6000,
D201,-0.6000,
D202,-0.6000,
D203,-0.6000,
D204,-0.6000,
D205,-0.6000,
D206,-0.6000,
D207,-0.6000,
D208,-0.6000,
D209,-0.6000,
D210,-0.6000,
E191,-0.6000,
E192,-0.6000,
E193,-0.6000,
E194,-0.6000,
E195,-0.6000,
E196,-0.6000,
E197,-0.6000,
E198,-0.6000,
E199,-0.6000,
E200,-0.6000,
E201,-0.6000,
E202,-0.6000,
E203,-0.6000,
E204,-0.6000,
E205,-0.6000,
E206,-0.6000,
E207,-0.6000,
E208,-0.6000,
E209,-0.6000,
E210,-0.6000,
A191,-0.6000,
A212,-0.6000,
A213,-0.6000,
A214,-0.6000,
A215,-0.6000,
A216,-0.6000,
A217,-0.6000,
A218,-0.6000,
A219,-0.6000,
A220,-0.6000,
A221,-0.6000,
A222,-0.6000,
A223,-0.6000,
A224,-0.6000,
A225,-0.6000,
A226,-0.6000,
A227,-0.6000,
A228,-0.6000,
A229,-0.6000,
A230,-0.6000,
A231,-0.6000,
B211,-0.6000,
B212,-0.6000,
B213,-0.6000,
B214,-0.6000,
B215,-0.6000,
B216,-0.6000,
B217,-0.6000,
B218,-0.6000,
B219,-0.6000,
B220,-0.4504,
B221,-0.2541,
B222,-0.1052,
B223,0.0027,
B224,0.0801,
B225,0.1148,
B226,0.1242,
B227,0.1089,
B228,0.1138,
B229,0.1009,
B230,0.0666,
B231,0.0097,
C211,-0.0686,
C212,0.0915,
C213,0.2187,
C214,0.3151,
C215,0.3853,
C216,0.4360,
C217,0.4964,
C218,0.5353,
C219,0.5577,
C220,0.5615,
C221,0.5529,
C222,0.5296,
C223,0.4880,
C224,0.4262,
C225,0.3310,
C226,0.1985,
C227,0.0209,
C228,-0.1450,
C229,-0.3520,
C230,-0.6000,
C231,-0.6000,
D211,-0.6000,
D212,-0.6000,
D213,-0.6000,
D214,-0.6000,
D215,-0.6000,
D216,-0.6000,
D217,-0.6000,
D218,-0.6000,
D219,-0.6000,
D220,-0.6000,
D221,-0.6000,
D222,-0.6000,
D223,-0.6000,
D224,-0.6000,
D225,-0.6000,
D226,-0.6000,
D227,-0.6000,
D228,-0.6000,
D229,-0.6000,
D230,-0.6000,
D231,-0.6000,
E211,-0.6000,
E212,-0.6000,
E213,-0.6000,
E214,-0.6000,
E215,-0.6000,
E216,-0.6000,
E217,-0.6000,
E218,-0.6000,
E219,-0.6000,
E220,-0.6000,
E221,-0.6000,
E222,-0.6000,
E223,-0.6000,
E224,-0.6000,
E225,-0.6000,
E226,-0.6000,
E227,-0.6000,
E228,-0.6000,
E229,-0.6000,
E230,-0.6000,
E231,-0.6000,
A211,-0.6000,
A233,-0.6000,
A234,-0.6000,
A235,-0.6000,
A236,-0.6000,
A237,-0.6000,
A238,-0.6000,
A239,-0.6000,
A240,-0.6000,
A241,-0.6000,
A242,-0.6000,
A243,-0.6000,
A244,-0.6000,
A245,-0.6000,
A246,-0.6000,
A247,-0.6000,
A248,-0.6000,
A249,-0.6000,
A250,-0.6000,
A251,-0.6000,
A252,-0.6000,
A253,-0.6000,
B232,-0.6000,
B233,-0.6000,
B234,-0.6000,
B235,-0.6000,
B236,-0.6000,
B237,-0.6000,
B238,-0.6000,
B239,-0.6000,
B240,-0.6000,
B241,-0.6000,
B242,-0.6000,
B243,-0.6000,
B244,-0.4469,
B245,-0.3315,
B246,-0.2533,
B247,-0.2277,
B248,-0.2319,
B249,-0.2106,
B250,-0.2134,
B251,-0.2395,
B252,-0.2911,
B253,-0.3668,
C232,-0.4718,
C233,-0.2654,
C234,-0.1005,
C235,0.0317,
C236,0.1332,
C237,0.2082,
C238,0.2609,
C239,0.3298,
C240,0.3743,
C241,0.3890,
C242,0.3849,
C243,0.3612,
C244,0.3156,
C245,0.2461,
C246,0.1464,
C247,0.0000,
C248,-0.1923,
C249,-0.3628,
C250,-0.5759,
C251,-0.6000,
C252,-0.6000,
C253,-0.6000,
D232,-0.6000,
D233,-0.6000,
D234,-0.6000,
D235,-0.6000,
D236,-0.6000,
D237,-0.6000,
D238,-0.6000,
D239,-0.6000,
D240,-0.6000,
D241,-0.6000,
D242,-0.6000,
D243,-0.6000,
D244,-0.6000,
D245,-0.6000,
D246,-0.6000,
D247,-0.6000,
D248,-0.6000,
D249,-0.6000,
D250,-0.6000,
D251,-0.6000,
D252,-0.6000,
D253,-0.6000,
E232,-0.6000,
E233,-0.6000,
E234,-0.6000,
E235,-0.6000,
E236,-0.6000,
E237,-0.6000,
E238,-0.6000,
E239,-0.6000,
E240,-0.6000,
E241,-0.6000,
E242,-0.6000,
E243,-0.6000,
E244,-0.6000,
E245,-0.6000,
E246,-0.6000,
E247,-0.6000,
E248,-0.6000,
E249,-0.6000,
E250,-0.6000,
E251,-0.6000,
E252,-0.6000,
E253,-0.6000,
A232,-0.6000,
A255,-0.6000,
A256,-0.6000,
A257,-0.6000,
A258,-0.6000,
A259,-0.6000,
A260,-0.6000,
A261,-0.6000,
A262,-0.6000,
A263,-0.6000,
A264,-0.6000,
A265,-0.6000,
A266,-0.6000,
A267,-0.6000,
A268,-0.6000,
A269,-0.6000,
A270,-0.6000,
A271,-0.6000,
A272,-0.6000,
A273,-0.6000,
A274,-0.6000,
A275,-0.6000,
A276,-0.6000,
B254,-0.6000,
B255,-0.6000,
B256,-0.6000,
B257,-0.6000,
B258,-0.6000,
B259,-0.6000,
B260,-0.6000,
B261,-0.6000,
B262,-0.6000,
B263,-0.6000,
B264,-0.6000,
B265,-0.6000,
B266,-0.6000,
B267,-0.6000,
B268,-0.6000,
B269,-0.6000,
B270,-0.6000,
B271,-0.6000,
B272,-0.6000,
B273,-0.6000,
B274,-0.6000,
B275,-0.6000,
B276,-0.6000,
C254,-0.6000,
C255,-0.6000,
C256,-0.5177,
C257,-0.3483,
C258,-0.2128,
C259,-0.1101,
C260,-0.0340,
C261,0.0178,
C262,0.0918,
C263,0.1240,
C264,0.1306,
C265,0.1120,
C266,0.0667,
C267,-0.0071,
C268,-0.1139,
C269,-0.2585,
C270,-0.4644,
C271,-0.6000,
C272,-0.6000,
C273,-0.6000,
C274,-0.6000,
C275,-0.6000,
C276,-0.6000,
D254,-0.6000,
D255,-0.6000,
D256,-0.6000,
D257,-0.6000,
D258,-0.6000,
D259,-0.6000,
D260,-0.6000,
D261,-0.6000,
D262,-0.6000,
D263,-0.6000,
D264,-0.6000,
D265,-0.6000,
D266,-0.6000,
D267,-0.6000,
D268,-0.6000,
D269,-0.6000,
D270,-0.6000,
D271,-0.6000,
D272,-0.6000,
D273,-0.6000,
D274,-0.6000,
D275,-0.6000,
D276,-0.6000,
E254,-0.6000,
E255,-0.6000,
E256,-0.6000,
E257,-0.6000,
E258,-0.6000,
E259,-0.6000,
E260,-0.6000,
E261,-0.6000,
E262,-0.6000,
E263,-0.6000,
E264,-0.6000,
E265,-0.6000,
E266,-0.6000,
E267,-0.6000,
E268,-0.6000,
E269,-0.6000,
E270,-0.6000,
E271,-0.6000,
E272,-0.6000,
E273,-0.6000,
E274,-0.6000,
E275,-0.6000,
E276,-0.6000,
A254,-0.6000,
A278,-0.6000,
A279,-0.6000,
A280,-0.6000,
A281,-0.6000,
A282,-0.6000,
A283,-0.6000,
A284,-0.6000,
A285,-0.6000,
A286,-0.6000,
A287,-0.6000,
A288,-0.6000,
A289,-0.6000,
A290,-0.6000,
A291,-0.6000,
A292,-0.6000,
A293,-0.6000,
A294,-0.6000,
A295,-0.6000,
A296,-0.6000,
A297,-0.6000,
A298,-0.6000,
A299,-0.6000,
A300,-0.6000,
B277,-0.6000,
B278,-0.6000,
B279,-0.6000,
B280,-0.6000,
B281,-0.6000,
B282,-0.6000,
B283,-0.6000,
B284,-0.6000,
B285,-0.6000,
B286,-0.6000,
B287,-0.6000,
B288,-0.6000,
B289,-0.6000,
B290,-0.6000,
B291,-0.6000,
B292,-0.6000,
B293,-0.6000,
B294,-0.6000,
B295,-0.6000,
B296,-0.6000,
B297,-0.6000,
B298,-0.6000,
B299,-0.6000,
B300,-0.6000,
C277,-0.6000,
C278,-0.6000,
C279,-0.6000,
C280,-0.6000,
C281,-0.6000,
C282,-0.5281,
C283,-0.4254,
C284,-0.3526,
C285,-0.3067,
C286,-0.2506,
C287,-0.2266,
C288,-0.2346,
C289,-0.2740,
C290,-0.3470,
C291,-0.4570,
C292,-0.6000,
C293,-0.6000,
C294,-0.6000,
C295,-0.6000,
C296,-0.6000,
C297,-0.6000,
C298,-0.6000,
C299,-0.6000,
C300,-0.6000,
D277,-0.6000,
D278,-0.6000,
D279,-0.6000,
D280,-0.6000,
D281,-0.6000,
D282,-0.6000,
D283,-0.6000,
D284,-0.6000,
D285,-0.6000,
D286,-0.6000,
D287,-0.6000,
D288,-0.6000,
D289,-0.6000,
D290,-0.6000,
D291,-0.6000,
D292,-0.6000,
D293,-0.6000,
D294,-0.6000,
D295,-0.6000,
D296,-0.6000,
D297,-0.6000,
D298,-0.6000,
D299,-0.6000,
D300,-0.6000,
E277,-0.6000,
E278,-0.6000,
E279,-0.6000,
E280,-0.6000,
E281,-0.6000,
E282,-0.6000,
E283,-0.6000,
E284,-0.6000,
E285,-0.6000,
E286,-0.6000,
E287,-0.6000,
E288,-0.6000,
E289,-0.6000,
E290,-0.6000,
E291,-0.6000,
E292,-0.6000,
E293,-0.6000,
E294,-0.6000,
E295,-0.6000,
E296,-0.6000,
E297,-0.6000,
E298,-0.6000,
E299,-0.6000,
E300,-0.6000,
A277,-0.6000,
A302,-0.6000,
A303,-0.6000,
A304,-0.6000,
A305,-0.6000,
A306,-0.6000,
A307,-0.6000,
A308,-0.6000,
A309,-0.6000,
A310,-0.6000,
A311,-0.6000,
A312,-0.6000,
A313,-0.6000,
A314,-0.6000,
A315,-0.6000,
A316,-0.6000,
A317,-0.6000,
A318,-0.6000,
A319,-0.6000,
A320,-0.6000,
A321,-0.6000,
A322,-0.6000,
A323,-0.6000,
A324,-0.6000,
A325,-0.6000,
B301,-0.6000,
B302,-0.6000,
B303,-0.6000,
B304,-0.6000,
B305,-0.6000,
B306,-0.6000,
B307,-0.6000,
B308,-0.6000,
B309,-0.6000,
B310,-0.6000,
B311,-0.6000,
B312,-0.6000,
B313,-0.6000,
B314,-0.6000,
B315,-0.6000,
B316,-0.6000,
B317,-0.6000,
B318,-0.6000,
B319,-0.6000,
B320,-0.6000,
B321,-0.6000,
B322,-0.6000,
B323,-0.6000,
B324,-0.6000,
B325,-0.6000,
C301,-0.6000,
C302,-0.6000,
C303,-0.6000,
C304,-0.6000,
C305,-0.6000,
C306,-0.6000,
C307,-0.6000,
C308,-0.6000,
C309,-0.6000,
C310,-0.6000,
C311,-0.6000,
C312,-0.6000,
C313,-0.6000,
C314,-0.6000,
C315,-0.6000,
C316,-0.6000,
C317,-0.6000,
C318,-0.6000,
C319,-0.6000,
C320,-0.6000,
C321,-0.6000,
C322,-0.6000,
C323,-0.6000,
C324,-0.6000,
C325,-0.6000,
D301,-0.6000,
D302,-0.6000,
D303,-0.6000,
D304,-0.6000,
D305,-0.6000,
D306,-0.6000,
D307,-0.6000,
D308,-0.6000,
D309,-0.6000,
D310,-0.6000,
D311,-0.6000,
D312,-0.6000,
D313,-0.6000,
D314,-0.6000,
D315,-0.6000,
D316,-0.6000,
D317,-0.6000,
D318,-0.6000,
D319,-0.6000,
D320,-0.6000,
D321,-0.6000,
D322,-0.6000,
D323,-0.6000,
D324,-0.6000,
D325,-0.6000,
E301,-0.6000,
E302,-0.6000,
E303,-0.6000,
E304,-0.6000,
E305,-0.6000,
E306,-0.6000,
E307,-0.6000,
E308,-0.6000,
E309,-0.6000,
E310,-0.6000,
E311,-0.6000,
E312,-0.6000,
E313,-0.6000,
E314,-0.6000,
E315,-0.6000,
E316,-0.6000,
E317,-0.6000,
E318,-0.6000,
E319,-0.6000,
E320,-0.6000,
E321,-0.6000,
E322,-0.6000,
E323,-0.6000,
E324,-0.6000,
E325,-0.6000,
A301,-0.6000,
A327,-0.6000,
A328,-0.6000,
A329,-0.6000,
A330,-0.6000,
A331,-0.6000,
A332,-0.6000,
A333,-0.6000,
A334,-0.6000,
A335,-0.6000,
A336,-0.6000,
A337,-0.6000,
A338,-0.6000,
A339,-0.6000,
A340,-0.6000,
A341,-0.6000,
A342,-0.6000,
A343,-0.6000,
A344,-0.6000,
A345,-0.6000,
A346,-0.6000,
A347,-0.6000,
A348,-0.6000,
A349,-0.6000,
A350,-0.6000,
A351,-0.6000,
B326,-0.6000,
B327,-0.6000,
B328,-0.6000,
B329,-0.6000,
B330,-0.6000,
B331,-0.6000,
B332,-0.6000,
B333,-0.6000,
B334,-0.6000,
B335,-0.6000,
B336,-0.6000,
B337,-0.6000,
B338,-0.6000,
B339,-0.6000,
B340,-0.6000,
B341,-0.6000,
B342,-0.6000,
B343,-0.6000,
B344,-0.6000,
B345,-0.6000,
B346,-0.6000,
B347,-0.6000,
B348,-0.6000,
B349,-0.6000,
B350,-0.6000,
B351,-0.6000,
C326,-0.6000,
C327,-0.6000,
C328,-0.6000,
C329,-0.6000,
C330,-0.6000,
C331,-0.6000,
C332,-0.6000,
C333,-0.6000,
C334,-0.6000,
C335,-0.6000,
C336,-0.6000,
C337,-0.6000,
C338,-0.6000,
C339,-0.6000,
C340,-0.6000,
C341,-0.6000,
C342,-0.6000,
C343,-0.6000,
C344,-0.6000,
C345,-0.6000,
C346,-0.6000,
C347,-0.6000,
C348,-0.6000,
C349,-0.6000,
C350,-0.6000,
C351,-0.6000,
D326,-0.6000,
D327,-0.6000,
D328,-0.6000,
D329,-0.6000,
D330,-0.6000,
D331,-0.6000,
D332,-0.6000,
D333,-0.6000,
D334,-0.6000,
D335,-0.6000,
D336,-0.6000,
D337,-0.6000,
D338,-0.6000,
D339,-0.6000,
D340,-0.6000,
D341,-0.6000,
D342,-0.6000,
D343,-0.6000,
D344,-0.6000,
D345,-0.6000,
D346,-0.6000,
D347,-0.6000,
D348,-0.6000,
D349,-0.6000,
D350,-0.6000,
D351,-0.6000,
E326,-0.6000,
E327,-0.6000,
E328,-0.6000,
E329,-0.6000,
E330,-0.6000,
E331,-0.6000,
E332,-0.6000,
E333,-0.6000,
E334,-0.6000,
E335,-0.6000,
E336,-0.6000,
E337,-0.6000,
E338,-0.6000,
E339,-0.6000,
E340,-0.6000,
E341,-0.6000,
E342,-0.6000,
E343,-0.6000,
E344,-0.6000,
E345,-0.6000,
E346,-0.6000,
E347,-0.6000,
E348,-0.6000,
E349,-0.6000,
E350,-0.6000,
E351,-0.6000,
A326,-0.6000,
A353,-0.6000,
A354,-0.6000,
A355,-0.6000,
A356,-0.6000,
A357,-0.6000,
A358,-0.6000,
A359,-0.6000,
A360,-0.6000,
A361,-0.6000,
A362,-0.6000,
A363,-0.6000,
A364,-0.6000,
A365,-0.6000,
A366,-0.6000,
A367,-0.6000,
A368,-0.6000,
A369,-0.6000,
A370,-0.6000,
A371,-0.6000,
A372,-0.6000,
A373,-0.6000,
A374,-0.6000,
A375,-0.6000,
A376,-0.6000,
A377,-0.6000,
A378,-0.6000,
B352,-0.6000,
B353,-0.6000,
B354,-0.6000,
B355,-0.6000,
B356,-0.6000,
B357,-0.6000,
B358,-0.6000,
B359,-0.6000,
B360,-0.6000,
B361,-0.6000,
B362,-0.6000,
B363,-0.6000,
B364,-0.6000,
B365,-0.6000,
B366,-0.6000,
B367,-0.6000,
B368,-0.6000,
B369,-0.6000,
B370,-0.6000,
B371,-0.6000,
B372,-0.6000,
B373,-0.6000,
B374,-0.6000,
B375,-0.6000,
B376,-0.6000,
B377,-0.6000,
B378,-0.6000,
C352,-0.6000,
C353,-0.6000,
C354,-0.6000,
C355,-0.6000,
C356,-0.6000,
C357,-0.6000,
C358,-0.6000,
C359,-0.6000,
C360,-0.6000,
C361,-0.6000,
C362,-0.6000,
C363,-0.6000,
C364,-0.6000,
C365,-0.6000,
C366,-0.6000,
C367,-0.6000,
C368,-0.6000,
C369,-0.6000,
C370,-0.6000,
C371,-0.6000,
C372,-0.6000,
C373,-0.6000,
C374,-0.6000,
C375,-0.6000,
C376,-0.6000,
C377,-0.6000,
C378,-0.6000,
D352,-0.6000,
D353,-0.6000,
D354,-0.6000,
D355,-0.6000,
D356,-0.6000,
D357,-0.6000,
D358,-0.6000,
D359,-0.6000,
D360,-0.6000,
D361,-0.6000,
D362,-0.6000,
D363,-0.6000,
D364,-0.6000,
D365,-0.6000,
D366,-0.6000,
D367,-0.6000,
D368,-0.6000,
D369,-0.6000,
D370,-0.6000,
D371,-0.6000,
D372,-0.6000,
D373,-0.6000,
D374,-0.6000,
D375,-0.6000,
D376,-0.6000,
D377,-0.6000,
D378,-0.6000,
E352,-0.6000,
E353,-0.6000,
E354,-0.6000,
E355,-0.6000,
E356,-0.6000,
E357,-0.6000,
E358,-0.6000,
E359,-0.6000,
E360,-0.6000,
E361,-0.6000,
E362,-0.6000,
E363,-0.6000,
E364,-0.6000,
E365,-0.6000,
E366,-0.6000,
E367,-0.6000,
E368,-0.6000,
E369,-0.6000,
E370,-0.6000,
E371,-0.6000,
E372,-0.6000,
E373,-0.6000,
E374,-0.6000,
E375,-0.6000,
E376,-0.6000,
E377,-0.6000,
E378,-0.6000,
A352,-0.6000,
A380,-0.6000,
A381,-0.6000,
A382,-0.6000,
A383,-0.6000,
A384,-0.6000,
A385,-0.6000,
A386,-0.6000,
A387,-0.6000,
A388,-0.6000,
A389,-0.6000,
A390,-0.6000,
A391,-0.6000,
A392,-0.6000,
A393,-0.6000,
A394,-0.6000,
A395,-0.6000,
A396,-0.6000,
A397,-0.6000,
A398,-0.6000,
A399,-0.6000,
A400,-0.6000,
A401,-0.6000,
A402,-0.6000,
A403,-0.6000,
A404,-0.6000,
A405,-0.6000,
A406,-0.6000,
B379,-0.6000,
B380,-0.6000,
B381,-0.6000,
B382,-0.6000,
B383,-0.6000,
B384,-0.6000,
B385,-0.6000,
B386,-0.6000,
B387,-0.6000,
B388,-0.6000,
B389,-0.6000,
B390,-0.6000,
B391,-0.6000,
B392,-0.6000,
B393,-0.6000,
B394,-0.6000,
B395,-0.6000,
B396,-0.6000,
B397,-0.6000,
B398,-0.6000,
B399,-0.6000,
B400,-0.6000,
B401,-0.6000,
B402,-0.6000,
B403,-0.6000,
B404,-0.6000,
B405,-0.6000,
B406,-0.6000,
C379,-0.6000,
C380,-0.6000,
C381,-0.6000,
C382,-0.6000,
C383,-0.6000,
C384,-0.6000,
C385,-0.6000,
C386,-0.6000,
C387,-0.6000,
C388,-0.6000,
C389,-0.6000,
C390,-0.6000,
C391,-0.6000,
C392,-0.6000,
C393,-0.6000,
C394,-0.6000,
C395,-0.6000,
C396,-0.6000,
C397,-0.6000,
C398,-0.6000,
C399,-0.6000,
C400,-0.6000,
C401,-0.6000,
C402,-0.6000,
C403,-0.6000,
C404,-0.6000,
C405,-0.6000,
C406,-0.6000,
D379,-0.6000,
D380,-0.6000,
D381,-0.6000,
D382,-0.6000,
D383,-0.6000,
D384,-0.6000,
D385,-0.6000,
D386,-0.6000,
D387,-0.6000,
D388,-0.6000,
D389,-0.6000,
D390,-0.6000,
D391,-0.6000,
D392,-0.6000,
D393,-0.6000,
D394,-0.6000,
D395,-0.6000,
D396,-0.6000,
D397,-0.6000,
D398,-0.6000,
D399,-0.6000,
D400,-0.6000,
D401,-0.6000,
D402,-0.6000,
D403,-0.6000,
D404,-0.6000,
D405,-0.6000,
D406,-0.6000,
E379,-0.6000,
E380,-0.6000,
E381,-0.6000,
E382,-0.6000,
E383,-0.6000,
E384,-0.6000,
E385,-0.6000,
E386,-0.6000,
E387,-0.6000,
E388,-0.6000,
E389,-0.6000,
E390,-0.6000,
E391,-0.6000,
E392,-0.6000,
E393,-0.6000,
E394,-0.6000,
E395,-0.6000,
E396,-0.6000,
E397,-0.6000,
E398,-0.6000,
E399,-0.6000,
E400,-0.6000,
E401,-0.6000,
E402,-0.6000,
E403,-0.6000,
E404,-0.6000,
E405,-0.6000,
E406,-0.6000,
A379,-0.6000,
A407,-0.6000,
A408,-0.6000,
A409,-0.6000,
A410,-0.6000,
A411,-0.6000,
A432,-0.6000,
A412,-0.6000,
A433,-0.6000,
A413,-0.6000,
A434,-0.6000,
A414,-0.6000,
A435,-0.6000,
A415,-0.6000,
A436,-0.6000,
A416,-0.6000,
A437,-0.6000,
A417,-0.6000,
A438,-0.6000,
A418,-0.6000,
A439,-0.6000,
A419,-0.6000,
A440,-0.6000,
A420,-0.6000,
A441,-0.6000,
A421,-0.6000,
A442,-0.6000,
A422,-0.6000,
A443,-0.6000,
A423,-0.6000,
A444,-0.6000,
A424,-0.6000,
A445,-0.6000,
A425,-0.6000,
A446,-0.6000,
A426,-0.6000,
A427,-0.6000,
A428,-0.6000,
A429,-0.6000,
A430,-0.6000,
B407,-0.6000,
B408,-0.6000,
B409,-0.6000,
B410,-0.6000,
B411,-0.6000,
B432,-0.6000,
B412,-0.6000,
B433,-0.6000,
B413,-0.6000,
B434,-0.6000,
B414,-0.6000,
B435,-0.6000,
B415,-0.6000,
B436,-0.6000,
B416,-0.6000,
B437,-0.6000,
B417,-0.6000,
B438,-0.6000,
B418,-0.6000,
B439,-0.6000,
B419,-0.6000,
B440,-0.6000,
B420,-0.6000,
B441,-0.6000,
B421,-0.6000,
B442,-0.6000,
B422,-0.6000,
B443,-0.6000,
B423,-0.6000,
B444,-0.6000,
B424,-0.6000,
B445,-0.6000,
B425,-0.6000,
B446,-0.6000,
B426,-0.6000,
B427,-0.6000,
B428,-0.6000,
B429,-0.6000,
B430,-0.6000,
C407,-0.6000,
C408,-0.6000,
C409,-0.6000,
C410,-0.6000,
C411,-0.6000,
C432,-0.6000,
C412,-0.6000,
C433,-0.6000,
C413,-0.6000,
C434,-0.6000,
C414,-0.6000,
C435,-0.6000,
C415,-0.6000,
C436,-0.6000,
C416,-0.6000,
C437,-0.6000,
C417,-0.6000,
C438,-0.6000,
C418,-0.6000,
C439,-0.6000,
C419,-0.6000,
C440,-0.6000,
C420,-0.6000,
C441,-0.6000,
C421,-0.6000,
C442,-0.6000,
C422,-0.6000,
C443,-0.6000,
C423,-0.6000,
C444,-0.6000,
C424,-0.6000,
C445,-0.6000,
C425,-0.6000,
C446,-0.6000,
C426,-0.6000,
C427,-0.6000,
C428,-0.6000,
C429,-0.6000,
C430,-0.6000,
D407,-0.6000,
D408,-0.6000,
D409,-0.6000,
D410,-0.6000,
D411,-0.6000,
D432,-0.6000,
D412,-0.6000,
D433,-0.6000,
D413,-0.6000,
D434,-0.6000,
D414,-0.6000,
D435,-0.6000,
D415,-0.6000,
D436,-0.6000,
D416,-0.6000,
D437,-0.6000,
D417,-0.6000,
D438,-0.6000,
D418,-0.6000,
D439,-0.6000,
D419,-0.6000,
D440,-0.6000,
D420,-0.6000,
D441,-0.6000,
D421,-0.6000,
D442,-0.6000,
D422,-0.6000,
D443,-0.6000,
D423,-0.6000,
D444,-0.6000,
D424,-0.6000,
D445,-0.6000,
D425,-0.6000,
D446,-0.6000,
D426,-0.6000,
D427,-0.6000,
D428,-0.6000,
D429,-0.6000,
D430,-0.6000,
E407,-0.6000,
E408,-0.6000,
E409,-0.6000,
E410,-0.6000,
E432,-0.6000,
E411,-0.6000,
E433,-0.6000,
E412,-0.6000,
E434,-0.6000,
E413,-0.6000,
E435,-0.6000,
E414,-0.6000,
E436,-0.6000,
E415,-0.6000,
E437,-0.6000,
E416,-0.6000,
E438,-0.6000,
E417,-0.6000,
E439,-0.6000,
E418,-0.6000,
E440,-0.6000,
E419,-0.6000,
E441,-0.6000,
E420,-0.6000,
E442,-0.6000,
E421,-0.6000,
E443,-0.6000,
E422,-0.6000,
E444,-0.6000,
E423,-0.6000,
E445,-0.6000,
E424,-0.6000,
E446,-0.6000,
E425,-0.6000,
E426,-0.6000,
E427,-0.6000,
E428,-0.6000,
E429,-0.6000,
E430,-0.6000,
