节点编号,X坐标（米）,Y坐标（米）,Z坐标（米）
A0,0,0,-300.4
B1,6.1078,8.407,-300.2202
C1,9.8827,-3.211,-300.2202
D1,0,-10.391,-300.2202
E1,-9.8827,-3.211,-300.2202
A1,-6.1078,8.407,-300.2202
A3,0,16.818,-299.9289
B2,12.2084,16.804,-299.6811
B3,15.9942,5.197,-299.9289
C2,19.7536,-6.418,-299.6811
C3,9.885,-13.605,-299.9289
D2,0,-20.77,-299.6811
D3,-9.885,-13.605,-299.9289
E2,-19.7536,-6.418,-299.6811
E3,-15.9942,5.197,-299.9289
A2,-12.2084,16.804,-299.6811
A5,-6.1079,25.236,-299.2759
A6,6.1079,25.236,-299.2759
B4,18.2943,25.18,-298.7833
B5,22.1129,13.607,-299.2759
B6,25.8877,1.99,-299.2759
C4,29.6008,-9.617,-298.7833
C5,19.7744,-16.825,-299.2759
C6,9.8916,-24.006,-299.2759
D4,0,-31.124,-298.7833
D5,-9.8916,-24.006,-299.2759
D6,-19.7744,-16.825,-299.2759
E4,-29.6008,-9.617,-298.7833
E5,-25.8877,1.99,-299.2759
E6,-22.1129,13.607,-299.2759
A4,-18.2943,25.18,-298.7833
A8,-12.1892,33.61,-298.265
A9,0,33.638,-298.5108
A10,12.1892,33.61,-298.265
B7,24.3583,33.527,-297.5279
B8,28.1978,21.979,-298.265
B9,31.9908,10.395,-298.5108
B10,35.7311,-1.206,-298.265
C7,39.4126,-12.806,-297.5279
C8,29.6164,-20.026,-298.265
C9,19.7714,-27.213,-298.5108
C10,9.8938,-34.355,-298.265
D7,0,-41.44,-297.5279
D8,-9.8938,-34.355,-298.265
D9,-19.7714,-27.213,-298.5108
D10,-29.6164,-20.026,-298.265
E7,-39.4126,-12.806,-297.5279
E8,-35.7311,-1.206,-298.265
E9,-31.9908,10.395,-298.5108
E10,-28.1978,21.979,-298.265
A7,-24.3583,33.527,-297.5279
A12,-18.2947,42.054,-296.8788
A13,-6.1082,42.109,-297.3714
A14,6.1082,42.109,-297.3714
A15,18.2947,42.054,-296.8788
B11,30.3932,41.833,-295.9163
B12,34.3416,30.395,-296.8788
B13,38.1602,18.822,-297.3714
B14,41.9353,7.203,-297.3714
B15,45.6484,-4.404,-296.8788
C11,49.1772,-15.978,-295.9163
C12,39.519,-23.268,-296.8788
C13,29.6925,-30.476,-297.3714
C14,19.8093,-37.657,-297.3714
C15,9.9175,-44.775,-296.8788
D11,0,-51.708,-295.9163
D12,-9.9175,-44.775,-296.8788
D13,-19.8093,-37.657,-297.3714
D14,-29.6925,-30.476,-297.3714
D15,-39.519,-23.268,-296.8788
E11,-49.1772,-15.978,-295.9163
E12,-45.6484,-4.404,-296.8788
E13,-41.9353,7.203,-297.3714
E14,-38.1602,18.822,-297.3714
E15,-34.3416,30.395,-296.8788
A11,-30.3932,41.833,-295.9163
A17,-24.3201,50.35,-295.1501
A18,-12.2089,50.529,-295.8681
A19,0,50.571,-296.1128
A20,12.2089,50.529,-295.8681
A21,24.3201,50.35,-295.1501
B16,36.3917,50.089,-293.9506
B17,40.3703,38.689,-295.1501
B18,44.283,27.226,-295.8681
B19,48.0955,15.628,-296.1128
B20,51.8285,4.003,-295.8681
B21,55.4009,-7.57,-295.1501
C16,58.883,-19.132,-293.9506
C17,49.2703,-26.439,-295.1501
C18,39.5773,-33.702,-295.8681
C19,29.7247,-40.912,-296.1128
C20,19.8229,-48.054,-295.8681
C21,9.9195,-55.029,-295.1501
D16,0,-61.913,-293.9506
D17,-9.9195,-55.029,-295.1501
D18,-19.8229,-48.054,-295.8681
D19,-29.7247,-40.912,-296.1128
D20,-39.5773,-33.702,-295.8681
D21,-49.2703,-26.439,-295.1501
E16,-58.883,-19.132,-293.9506
E17,-55.4009,-7.57,-295.1501
E18,-51.8285,4.003,-295.8681
E19,-48.0955,15.628,-296.1128
E20,-44.283,27.226,-295.8681
E21,-40.3703,38.689,-295.1501
A16,-36.3917,50.089,-293.9506
A23,-30.3164,58.614,-293.0623
A24,-18.2175,58.833,-294.0187
A25,-6.1082,58.943,-294.4972
A26,6.1082,58.943,-294.4972
A27,18.2175,58.833,-294.0187
A28,30.3164,58.614,-293.0623
B22,42.3466,58.286,-291.633
B23,46.3765,46.946,-293.0623
B24,50.324,35.507,-294.0187
B25,54.1705,24.024,-294.4972
B26,57.9456,12.406,-294.4972
B27,61.583,0.855,-294.0187
B28,65.1131,-10.72,-293.0623
C22,68.5183,-22.263,-291.633
C23,58.9787,-29.599,-293.0623
C24,49.3194,-36.889,-294.0187
C25,39.5874,-44.095,-294.4972
C26,29.7042,-51.276,-294.4972
C27,19.8429,-58.304,-294.0187
C28,9.9256,-65.238,-293.0623
D22,0,-72.044,-291.633
D23,-9.9256,-65.238,-293.0623
D24,-19.8429,-58.304,-294.0187
D25,-29.7042,-51.276,-294.4972
D26,-39.5874,-44.095,-294.4972
D27,-49.3194,-36.889,-294.0187
D28,-58.9787,-29.599,-293.0623
E22,-68.5183,-22.263,-291.633
E23,-65.1131,-10.72,-293.0623
E24,-61.583,0.855,-294.0187
E25,-57.9456,12.406,-294.4972
E26,-54.1705,24.024,-294.4972
E27,-50.324,35.507,-294.0187
E28,-46.3765,46.946,-293.0623
A22,-42.3466,58.286,-291.633
A30,-36.257,66.794,-290.6273
A31,-24.2041,67.067,-291.8157
A32,-12.1119,67.231,-292.5295
A33,0,67.286,-292.7676
A34,12.1119,67.231,-292.5295
A35,24.2041,67.067,-291.8157
A36,36.257,66.794,-290.6273
B29,48.2509,66.412,-288.9663
B30,52.3202,55.123,-290.6273
B31,56.3045,43.745,-291.8157
B32,60.1972,32.295,-292.5295
B33,63.9921,20.793,-292.7676
B34,67.6828,9.257,-292.5295
B35,71.2635,-2.294,-291.8157
B36,74.7283,-13.842,-290.6273
C29,78.0715,-25.367,-288.9663
C30,68.5927,-32.725,-290.6273
C31,59.0022,-40.031,-291.8157
C32,49.3159,-47.271,-292.5295
C33,39.5493,-54.435,-292.7676
C34,29.7184,-61.509,-292.5295
C35,19.8391,-68.484,-291.8157
C36,9.9276,-75.348,-290.6273
D29,0,-82.089,-288.9663
D30,-9.9276,-75.348,-290.6273
D31,-19.8391,-68.484,-291.8157
D32,-29.7184,-61.509,-292.5295
D33,-39.5493,-54.435,-292.7676
D34,-49.3159,-47.271,-292.5295
D35,-59.0022,-40.031,-291.8157
D36,-68.5927,-32.725,-290.6273
E29,-78.0715,-25.367,-288.9663
E30,-74.7283,-13.842,-290.6273
E31,-71.2635,-2.294,-291.8157
E32,-67.6828,9.257,-292.5295
E33,-63.9921,20.793,-292.7676
E34,-60.1972,32.295,-292.5295
E35,-56.3045,43.745,-291.8157
E36,-52.3202,55.123,-290.6273
A29,-48.2509,66.412,-288.9663
A38,-42.3557,75.319,-287.7034
A39,-30.3251,75.648,-289.1332
A40,-18.2235,75.868,-290.0899
A41,-6.1137,75.978,-290.5687
A42,6.1137,75.978,-290.5687
A43,18.2235,75.868,-290.0899
A44,30.3251,75.648,-289.1332
A45,42.3557,75.319,-287.7034
B37,54.0974,74.459,-285.9538
B38,58.5437,63.558,-287.7034
B39,62.5741,52.218,-289.1332
B40,66.5231,40.776,-290.0899
B41,70.3699,29.293,-290.5687
B42,74.1484,17.664,-290.5687
B43,77.7858,6.113,-290.0899
B44,81.316,-5.464,-289.1332
B45,84.721,-17.008,-287.7034
C37,87.5314,-28.44,-285.9538
C38,78.5377,-36.038,-287.7034
C39,68.998,-43.375,-289.1332
C40,59.337,-50.666,-290.0899
C41,49.6047,-57.873,-290.5687
C42,39.7125,-65.06,-290.5687
C43,29.8508,-72.089,-290.0899
C44,19.931,-79.024,-289.1332
C45,10.0048,-85.83,-287.7034
D37,0,-92.036,-285.9538
D38,-10.0048,-85.83,-287.7034
D39,-19.931,-79.024,-289.1332
D40,-29.8508,-72.089,-290.0899
D41,-39.7125,-65.06,-290.5687
D42,-49.6047,-57.873,-290.5687
D43,-59.337,-50.666,-290.0899
D44,-68.998,-43.375,-289.1332
D45,-78.5377,-36.038,-287.7034
E37,-87.5314,-28.44,-285.9538
E38,-84.721,-17.008,-287.7034
E39,-81.316,-5.464,-289.1332
E40,-77.7858,6.113,-290.0899
E41,-74.1484,17.664,-290.5687
E42,-70.3699,29.293,-290.5687
E43,-66.5231,40.776,-290.0899
E44,-62.5741,52.218,-289.1332
E45,-58.5437,63.558,-287.7034
A37,-54.0974,74.459,-285.9538
A47,-48.1805,83.339,-284.5585
A48,-36.4062,84.13,-286.0717
A49,-24.3327,84.42,-287.2656
A50,-12.2194,84.572,-287.9906
A51,0,84.642,-288.2291
A52,12.2194,84.572,-287.9906
A53,24.3327,84.42,-287.2656
A54,36.4063,84.13,-286.0717
A55,48.1805,83.339,-284.5585
B46,59.8791,82.417,-282.599
B47,64.3708,71.576,-284.5585
B48,68.7616,60.622,-286.0717
B49,72.7681,49.229,-287.2656
B50,76.6559,37.756,-287.9906
B51,80.4986,26.156,-288.2291
B52,84.2079,14.513,-287.9906
B53,87.8066,2.946,-287.2656
B54,91.2619,-8.627,-286.0717
B55,94.148,-20.069,-284.5585
C46,96.8864,-31.48,-282.599
C47,87.9638,-39.102,-284.5585
C48,78.9032,-46.663,-286.0717
C49,69.3059,-53.994,-287.2656
C50,59.5954,-61.237,-287.9906
C51,49.7509,-68.476,-288.2291
C52,39.824,-75.601,-287.9906
C53,29.9348,-82.598,-287.2656
C54,19.9967,-89.461,-286.0717
C55,10.0062,-95.741,-284.5585
D46,0,-101.872,-282.599
D47,-10.0062,-95.741,-284.5585
D48,-19.9967,-89.461,-286.0717
D49,-29.9348,-82.598,-287.2656
D50,-39.824,-75.601,-287.9906
D51,-49.7509,-68.476,-288.2291
D52,-59.5954,-61.237,-287.9906
D53,-69.3059,-53.994,-287.2656
D54,-78.9032,-46.663,-286.0717
D55,-87.9638,-39.102,-284.5585
E46,-96.8864,-31.48,-282.599
E47,-94.148,-20.069,-284.5585
E48,-91.2619,-8.627,-286.0717
E49,-87.8066,2.946,-287.2656
E50,-84.2079,14.513,-287.9906
E51,-80.4986,26.156,-288.2291
E52,-76.6559,37.756,-287.9906
E53,-72.7681,49.229,-287.2656
E54,-68.7616,60.622,-286.0717
E55,-64.3708,71.576,-284.5585
A46,-59.8791,82.417,-282.599
A57,-53.9481,91.284,-281.064
A58,-42.2024,92.137,-282.7895
A59,-30.4101,92.832,-284.0733
A60,-18.3091,93.055,-285.0366
A61,-6.1137,93.223,-285.5038
A62,6.1137,93.223,-285.5038
A63,18.3091,93.055,-285.0366
A64,30.4101,92.832,-284.0733
A65,42.2024,92.137,-282.7895
A66,53.9481,91.284,-281.064
B56,65.5892,90.276,-278.9059
B57,70.1453,79.516,-281.064
B58,74.5863,68.609,-282.7895
B59,78.8912,57.609,-284.0733
B60,82.8419,46.169,-285.0366
B61,86.7704,34.622,-285.5038
B62,90.5489,22.993,-285.5038
B63,94.1576,11.343,-285.0366
B64,97.6857,-0.235,-284.0733
B65,100.6687,-11.665,-282.7895
B66,103.4871,-23.099,-281.064
C56,106.1255,-34.482,-278.9059
C57,97.3003,-42.14,-281.064
C58,88.2992,-49.734,-282.7895
C59,79.1676,-57.228,-284.0733
C60,69.5083,-64.52,-285.0366
C61,59.7408,-71.824,-285.5038
C62,49.8486,-79.012,-285.5038
C63,39.8834,-86.044,-285.0366
C64,29.963,-92.977,-284.0733
C65,20.0144,-99.346,-282.7895
C66,10.0104,-105.56,-281.064
D56,0,-111.587,-278.9059
D57,-10.0104,-105.56,-281.064
D58,-20.0144,-99.346,-282.7895
D59,-29.963,-92.977,-284.0733
D60,-39.8834,-86.044,-285.0366
D61,-49.8486,-79.012,-285.5038
D62,-59.7408,-71.824,-285.5038
D63,-69.5083,-64.52,-285.0366
D64,-79.1676,-57.228,-284.0733
D65,-88.2992,-49.734,-282.7895
D66,-97.3003,-42.14,-281.064
E56,-106.1255,-34.482,-278.9059
E57,-103.4871,-23.099,-281.064
E58,-100.6687,-11.665,-282.7895
E59,-97.6857,-0.235,-284.0733
E60,-94.1576,11.343,-285.0366
E61,-90.5489,22.993,-285.5038
E62,-86.7704,34.622,-285.5038
E63,-82.8419,46.169,-285.0366
E64,-78.8912,57.609,-284.0733
E65,-74.5863,68.609,-282.7895
E66,-70.1453,79.516,-281.064
A56,-65.5892,90.276,-278.9059
A68,-59.6308,99.108,-277.2399
A69,-47.9477,100.034,-279.1673
A70,-36.1897,100.804,-280.6583
A71,-24.375,101.416,-281.7107
A72,-12.1976,101.668,-282.4095
A73,0,101.752,-282.6426
A74,12.1976,101.668,-282.4095
A75,24.375,101.416,-281.7107
A76,36.1897,100.804,-280.6583
A77,47.9477,100.034,-279.1673
A78,59.6308,99.108,-277.2399
B67,71.2207,98.027,-274.8791
B68,75.8303,87.339,-277.2399
B69,80.3213,76.514,-279.1673
B70,84.6867,65.569,-280.6583
B71,88.9198,54.522,-281.7107
B72,92.9221,43.018,-282.4095
B73,96.7712,31.443,-282.6426
B74,100.4606,19.817,-282.4095
B75,103.9844,8.158,-281.7107
B76,107.0532,-3.268,-280.6583
B77,109.9546,-14.688,-279.1673
B78,112.6842,-26.086,-277.2399
C67,115.2376,-37.443,-274.8791
C68,106.4965,-45.129,-277.2399
C69,97.589,-52.746,-279.1673
C70,88.5289,-60.28,-280.6583
C71,79.3305,-67.719,-281.7107
C72,69.6266,-75.081,-282.4095
C73,59.8079,-82.318,-282.6426
C74,49.8905,-89.42,-282.4095
C75,39.8909,-96.374,-281.7107
C76,29.9728,-102.823,-280.6583
C77,20.008,-109.112,-279.1673
C78,10.0118,-115.23,-277.2399
D67,0,-121.168,-274.8791
D68,-10.0118,-115.23,-277.2399
D69,-20.008,-109.112,-279.1673
D70,-29.9728,-102.823,-280.6583
D71,-39.8909,-96.374,-281.7107
D72,-49.8905,-89.42,-282.4095
D73,-59.8079,-82.318,-282.6426
D74,-69.6266,-75.081,-282.4095
D75,-79.3305,-67.719,-281.7107
D76,-88.5289,-60.28,-280.6583
D77,-97.589,-52.746,-279.1673
D78,-106.4965,-45.129,-277.2399
E67,-115.2376,-37.443,-274.8791
E68,-112.6842,-26.086,-277.2399
E69,-109.9546,-14.688,-279.1673
E70,-107.0532,-3.268,-280.6583
E71,-103.9844,8.158,-281.7107
E72,-100.4606,19.817,-282.4095
E73,-96.7712,31.443,-282.6426
E74,-92.9221,43.018,-282.4095
E75,-88.9198,54.522,-281.7107
E76,-84.6867,65.569,-280.6583
E77,-80.3213,76.514,-279.1673
E78,-75.8303,87.339,-277.2399
A67,-71.2207,98.027,-274.8791
A80,-65.2835,106.913,-273.0346
A81,-53.6373,107.913,-275.1691
A82,-41.8868,108.758,-276.871
A83,-30.0914,109.444,-278.1308
A84,-18.3087,109.87,-278.9869
A85,-6.1133,110.038,-279.454
A86,6.1133,110.038,-279.454
A87,18.3087,109.87,-278.9869
A88,30.0914,109.444,-278.1308
A89,41.8868,108.758,-276.871
A90,53.6373,107.913,-275.1691
A91,65.2835,106.913,-273.0346
B79,76.7671,105.661,-270.5232
B80,81.5064,95.127,-273.0346
B81,86.0562,84.359,-275.1691
B82,90.4905,73.445,-276.871
B83,94.7883,62.439,-278.1308
B84,98.8343,51.364,-278.9869
B85,102.7628,39.818,-279.454
B86,106.5411,28.19,-279.454
B87,110.1497,16.539,-278.9869
B88,113.3858,5.202,-278.1308
B89,116.378,-6.229,-276.871
B90,119.2059,-17.665,-275.1691
B91,121.8538,-29.05,-273.0346
C79,124.2117,-40.358,-270.5232
C80,115.6573,-48.121,-273.0346
C81,106.823,-55.776,-275.1691
C82,97.813,-63.366,-276.871
C83,88.6738,-70.854,-278.1308
C84,79.3916,-78.124,-278.9869
C85,69.6243,-85.429,-279.454
C86,59.7327,-92.615,-279.454
C87,49.7676,-99.647,-278.9869
C88,39.9849,-106.229,-278.1308
C89,30.0387,-112.606,-276.871
C90,20.036,-118.83,-275.1691
C91,10.0263,-124.867,-273.0346
D79,0,-130.604,-270.5232
D80,-10.0263,-124.867,-273.0346
D81,-20.036,-118.83,-275.1691
D82,-30.0387,-112.606,-276.871
D83,-39.9849,-106.229,-278.1308
D84,-49.7676,-99.647,-278.9869
D85,-59.7327,-92.615,-279.454
D86,-69.6243,-85.429,-279.454
D87,-79.3916,-78.124,-278.9869
D88,-88.6738,-70.854,-278.1308
D89,-97.813,-63.366,-276.871
D90,-106.823,-55.776,-275.1691
D91,-115.6573,-48.121,-273.0346
E79,-124.2117,-40.358,-270.5232
E80,-121.8538,-29.05,-273.0346
E81,-119.2059,-17.665,-275.1691
E82,-116.378,-6.228,-276.871
E83,-113.3858,5.202,-278.1308
E84,-110.1497,16.539,-278.9869
E85,-106.5411,28.19,-279.454
E86,-102.7628,39.818,-279.454
E87,-98.8343,51.364,-278.9869
E88,-94.7883,62.439,-278.1308
E89,-90.4905,73.445,-276.871
E90,-86.0562,84.359,-275.1691
E91,-81.5064,95.127,-273.0346
A79,-76.7671,105.661,-270.5232
A93,-70.7961,114.503,-268.5466
A94,-59.2612,115.66,-270.8342
A95,-47.5535,116.591,-272.7372
A96,-35.7711,117.339,-274.2122
A97,-24.0135,117.852,-275.2718
A98,-12.2188,118.183,-275.9055
A99,0,118.281,-276.134
A100,12.2188,118.183,-275.9055
A101,24.0135,117.852,-275.2718
A102,35.7711,117.339,-274.2122
A103,47.5535,116.591,-272.7372
A104,59.2612,115.66,-270.8342
A105,70.7961,114.503,-268.5466
B92,82.2215,113.169,-265.8435
B93,87.021,102.715,-268.5466
B94,91.6858,92.102,-270.8342
B95,96.189,81.255,-272.7372
B96,100.5413,70.28,-274.2122
B97,104.6627,59.257,-275.2718
B98,108.6222,48.142,-275.9055
B99,112.4911,36.551,-276.134
B100,116.1738,24.9,-275.9055
B101,119.5039,13.58,-275.2718
B102,122.6491,2.24,-274.2122
B103,125.5787,-9.197,-272.7372
B104,128.3113,-20.62,-270.8342
B105,130.7754,-31.948,-268.5466
C92,133.0372,-43.226,-265.8435
C93,124.5781,-51.021,-268.5466
C94,115.9262,-58.737,-270.8342
C95,107.0016,-66.372,-272.7372
C96,97.9091,-73.902,-274.2122
C97,88.6987,-81.229,-275.2718
C98,79.351,-88.429,-275.9055
C99,69.5233,-95.69,-276.134
C100,59.5805,-102.793,-275.9055
C101,49.8439,-109.458,-275.2718
C102,40.0302,-115.954,-274.2122
C103,30.0584,-122.274,-272.7372
C104,20.0395,-128.403,-270.8342
C105,10.0275,-134.247,-268.5466
D92,0,-139.883,-265.8435
D93,-10.0275,-134.247,-268.5466
D94,-20.0395,-128.403,-270.8342
D95,-30.0584,-122.274,-272.7372
D96,-40.0302,-115.954,-274.2122
D97,-49.8439,-109.458,-275.2718
D98,-59.5805,-102.793,-275.9055
D99,-69.5233,-95.69,-276.134
D100,-79.351,-88.429,-275.9055
D101,-88.6987,-81.229,-275.2718
D102,-97.9091,-73.902,-274.2122
D103,-107.0016,-66.372,-272.7372
D104,-115.9262,-58.737,-270.8342
D105,-124.5781,-51.021,-268.5466
E92,-133.0372,-43.226,-265.8435
E93,-130.7754,-31.948,-268.5466
E94,-128.3113,-20.62,-270.8342
E95,-125.5787,-9.197,-272.7372
E96,-122.6491,2.24,-274.2122
E97,-119.5039,13.58,-275.2718
E98,-116.1738,24.9,-275.9055
E99,-112.4911,36.551,-276.134
E100,-108.6222,48.142,-275.9055
E101,-104.6627,59.257,-275.2718
E102,-100.5413,70.28,-274.2122
E103,-96.189,81.255,-272.7372
E104,-91.6858,92.102,-270.8342
E105,-87.021,102.715,-268.5466
A92,-82.2215,113.169,-265.8435
A107,-76.2241,121.98,-263.7254
A108,-64.733,123.22,-266.2082
A109,-53.1617,124.256,-268.2809
A110,-41.4072,125.09,-269.9596
A111,-29.6892,125.715,-271.2095
A112,-17.9049,126.133,-272.048
A113,-6.1133,126.344,-272.4704
A114,6.1133,126.344,-272.4704
A115,17.9049,126.133,-272.048
A116,29.6892,125.715,-271.2095
A117,41.4072,125.09,-269.9596
A118,53.1617,124.256,-268.2809
A119,64.733,123.22,-266.2082
A120,76.2241,121.98,-263.7254
B106,87.5775,120.541,-260.8456
B107,92.4548,110.188,-263.7254
B108,97.1849,99.642,-266.2082
B109,101.7458,88.957,-268.2809
B110,106.1719,78.036,-269.9596
B111,110.387,67.084,-271.2095
B112,114.4264,56.006,-272.048
B113,118.2708,44.857,-272.4704
B114,122.049,33.229,-272.4704
B115,125.4923,21.949,-272.048
B116,128.736,10.612,-271.2095
B117,131.763,-0.725,-269.9596
B118,134.6015,-12.162,-268.2809
B119,137.1921,-23.488,-266.2082
B120,139.5639,-34.799,-263.7254
C106,141.7034,-46.042,-260.8456
C107,133.3643,-53.88,-263.7254
C108,124.7966,-61.637,-266.2082
C109,116.0441,-69.276,-268.2809
C110,107.0251,-76.861,-269.9596
C111,97.9122,-84.254,-271.2095
C112,88.6243,-91.519,-272.048
C113,79.2087,-98.62,-272.4704
C114,69.3171,-105.807,-272.4704
C115,59.6536,-112.567,-272.048
C116,49.874,-119.156,-271.2095
C117,40.0268,-125.538,-269.9596
C118,30.0266,-131.772,-268.2809
C119,20.0563,-137.735,-266.2082
C120,10.0311,-143.486,-263.7254
D106,0,-148.995,-260.8456
D107,-10.0311,-143.486,-263.7254
D108,-20.0563,-137.735,-266.2082
D109,-30.0266,-131.772,-268.2809
D110,-40.0268,-125.538,-269.9596
D111,-49.874,-119.156,-271.2095
D112,-59.6536,-112.567,-272.048
D113,-69.3171,-105.807,-272.4704
D114,-79.2087,-98.62,-272.4704
D115,-88.6243,-91.519,-272.048
D116,-97.9122,-84.254,-271.2095
D117,-107.0251,-76.861,-269.9596
D118,-116.0441,-69.276,-268.2809
D119,-124.7966,-61.637,-266.2082
D120,-133.3643,-53.88,-263.7254
E106,-141.7034,-46.042,-260.8456
E107,-139.5639,-34.799,-263.7254
E108,-137.1921,-23.488,-266.2082
E109,-134.6015,-12.162,-268.2809
E110,-131.763,-0.725,-269.9596
E111,-128.736,10.612,-271.2095
E112,-125.4923,21.949,-272.048
E113,-122.049,33.229,-272.4704
E114,-118.2708,44.857,-272.4704
E115,-114.4264,56.006,-272.048
E116,-110.387,67.084,-271.2095
E117,-106.1719,78.036,-269.9596
E118,-101.7458,88.957,-268.2809
E119,-97.1849,99.642,-266.2082
E120,-92.4548,110.188,-263.7254
A106,-87.5775,120.541,-260.8456
A122,-81.5407,129.299,-258.5982
A123,-70.127,130.631,-261.2621
A124,-58.6051,131.762,-263.5232
A125,-46.9929,132.689,-265.378
A126,-35.3082,133.412,-266.8235
A127,-23.5691,133.929,-267.8577
A128,-11.7936,134.24,-268.4788
A129,0,134.343,-268.6859
A130,11.7936,134.24,-268.4788
A131,23.5691,133.929,-267.8577
A132,35.3082,133.412,-266.8235
A133,46.9929,132.689,-265.378
A134,58.6051,131.762,-263.5232
A135,70.127,130.631,-261.2621
A136,81.5407,129.299,-258.5982
B121,92.8287,127.768,-255.5355
B122,97.7733,117.506,-258.5982
B123,102.5671,107.062,-261.2621
B124,107.2028,96.454,-263.5232
B125,111.6731,85.696,-265.378
B126,115.9713,74.807,-266.8235
B127,120.0906,63.802,-267.8577
B128,124.0248,52.699,-268.4788
B129,127.7678,41.515,-268.6859
B130,131.3137,30.266,-268.4788
B131,134.6572,18.971,-267.8577
B132,137.793,7.647,-266.8235
B133,140.7163,-3.689,-265.378
B134,143.4227,-15.02,-263.5232
B135,145.9079,-26.327,-261.2621
B136,148.1682,-37.594,-258.5982
C121,150.2,-48.803,-255.5355
C122,141.9679,-56.676,-258.5982
C123,133.5169,-64.463,-261.2621
C124,124.8601,-72.15,-263.5232
C125,116.0107,-79.725,-265.378
C126,106.9824,-87.178,-266.8235
C127,97.7892,-94.497,-267.8577
C128,88.4452,-101.669,-268.4788
C129,78.9648,-108.685,-268.6859
C130,69.3627,-115.534,-268.4788
C131,59.6536,-122.204,-267.8577
C132,49.8525,-128.686,-266.8235
C133,39.9746,-134.969,-265.378
C134,30.035,-141.044,-263.5232
C135,20.0491,-146.902,-261.2621
C136,10.0323,-152.533,-258.5982
D121,0,-157.929,-255.5355
D122,-10.0323,-152.533,-258.5982
D123,-20.0491,-146.902,-261.2621
D124,-30.035,-141.044,-263.5232
D125,-39.9746,-134.969,-265.378
D126,-49.8525,-128.686,-266.8235
D127,-59.6536,-122.204,-267.8577
D128,-69.3627,-115.534,-268.4788
D129,-78.9648,-108.685,-268.6859
D130,-88.4452,-101.669,-268.4788
D131,-97.7892,-94.497,-267.8577
D132,-106.9824,-87.178,-266.8235
D133,-116.0107,-79.725,-265.378
D134,-124.8601,-72.15,-263.5232
D135,-133.5169,-64.463,-261.2621
D136,-141.9679,-56.676,-258.5982
E121,-150.2,-48.803,-255.5355
E122,-148.1682,-37.594,-258.5982
E123,-145.9079,-26.327,-261.2621
E124,-143.4227,-15.02,-263.5232
E125,-140.7163,-3.689,-265.378
E126,-137.793,7.647,-266.8235
E127,-134.6571,18.971,-267.8577
E128,-131.3137,30.266,-268.4788
E129,-127.7678,41.515,-268.6859
E130,-124.0248,52.699,-268.4788
E131,-120.0906,63.802,-267.8577
E132,-115.9713,74.807,-266.8235
E133,-111.6731,85.696,-265.378
E134,-107.2028,96.454,-263.5232
E135,-102.5671,107.062,-261.2621
E136,-97.7733,117.506,-258.5982
A121,-92.8287,127.768,-255.5355
A138,-87.741,137.833,-252.0788
A139,-76.3875,139.277,-254.9648
A140,-64.8875,140.525,-257.4542
A141,-53.3154,141.565,-259.5326
A142,-41.5164,142.415,-261.2175
A143,-29.7967,143.043,-262.4713
A144,-18.0019,143.465,-263.3133
A145,-6.2083,143.679,-263.7388
A146,6.2083,143.679,-263.7389
A147,18.0019,143.465,-263.3133
A148,29.7967,143.043,-262.4713
A149,41.5164,142.415,-261.2175
A150,53.3154,141.565,-259.5326
A151,64.8875,140.525,-257.4542
A152,76.3875,139.277,-254.9648
A153,87.741,137.833,-252.0788
B137,97.9688,134.843,-249.9196
B138,103.9736,126.04,-252.0788
B139,108.8552,115.688,-254.9648
B140,113.5953,105.137,-257.4542
B141,118.1604,94.452,-259.5326
B142,122.6154,83.493,-261.2175
B143,126.8337,72.541,-262.4713
B144,130.8804,61.454,-263.3133
B145,134.7277,50.304,-263.7388
B146,138.5647,38.495,-263.7389
B147,142.0063,27.213,-263.3133
B148,145.2491,15.865,-262.4713
B149,148.2739,4.525,-261.2175
B150,151.1111,-6.96,-259.5326
B151,153.698,-18.287,-257.4542
B152,156.0653,-29.609,-254.9648
B153,158.2005,-40.853,-252.0788
C137,158.5168,-51.505,-249.9196
C138,152.0002,-59.936,-252.0788
C139,143.6637,-67.778,-254.9648
C140,135.0933,-75.546,-257.4542
C141,126.3425,-83.19,-259.5326
C142,117.2968,-90.813,-261.2175
C143,108.1843,-98.209,-262.4713
C144,98.8905,-105.484,-263.3133
C145,89.4746,-112.589,-263.7388
C146,79.4294,-119.887,-263.7389
C147,69.7628,-126.647,-263.3133
C148,59.9722,-133.237,-262.4713
C149,50.1219,-139.618,-261.2175
C150,40.0765,-145.866,-259.5326
C151,30.1031,-151.826,-257.4542
C152,20.0662,-157.576,-254.9648
C153,10.0323,-163.082,-252.0788
D137,0,-166.674,-249.9196
D138,-10.0323,-163.082,-252.0788
D139,-20.0662,-157.576,-254.9648
D140,-30.1031,-151.826,-257.4542
D141,-40.0765,-145.866,-259.5326
D142,-50.1219,-139.618,-261.2175
D143,-59.9722,-133.237,-262.4713
D144,-69.7628,-126.647,-263.3133
D145,-79.4294,-119.887,-263.7388
D146,-89.4746,-112.589,-263.7389
D147,-98.8905,-105.484,-263.3133
D148,-108.1843,-98.209,-262.4713
D149,-117.2968,-90.813,-261.2175
D150,-126.3425,-83.19,-259.5326
D151,-135.0933,-75.546,-257.4542
D152,-143.6637,-67.778,-254.9648
D153,-152.0002,-59.936,-252.0788
E137,-158.5168,-51.505,-249.9196
E138,-158.2005,-40.853,-252.0788
E139,-156.0653,-29.609,-254.9648
E140,-153.698,-18.287,-257.4542
E141,-151.1111,-6.96,-259.5326
E142,-148.2739,4.525,-261.2175
E143,-145.2491,15.865,-262.4713
E144,-142.0063,27.213,-263.3133
E145,-138.5647,38.495,-263.7388
E146,-134.7277,50.304,-263.7389
E147,-130.8804,61.454,-263.3133
E148,-126.8337,72.541,-262.4713
E149,-122.6154,83.493,-261.2175
E150,-118.1604,94.452,-259.5326
E151,-113.5953,105.137,-257.4542
E152,-108.8552,115.688,-254.9648
E153,-103.9736,126.04,-252.0788
A137,-97.9688,134.843,-249.9196
A155,-92.8155,144.816,-246.2801
A156,-82.518,147.686,-248.2334
A157,-71.0878,149.059,-250.9348
A158,-59.5475,150.2,-253.2474
A159,-47.7988,151.178,-255.1484
A160,-35.9745,151.917,-256.6462
A161,-24.2092,152.464,-257.6992
A162,-12.4063,152.775,-258.3528
A163,0,152.905,-258.5734
A164,12.4063,152.775,-258.3528
A165,24.2092,152.464,-257.6992
A166,35.9745,151.917,-256.6462
A167,47.7988,151.178,-255.1484
A168,59.5475,150.2,-253.2474
A169,71.0878,149.059,-250.9348
A170,82.518,147.686,-248.2334
A171,92.8155,144.816,-246.2801
B154,102.9916,141.756,-244.0045
B155,109.0462,133.024,-246.2801
B156,114.9581,124.117,-248.2334
B157,119.7956,113.67,-250.9348
B158,124.4475,103.048,-253.2474
B159,129.0081,92.176,-255.1484
B160,133.3648,81.159,-256.6462
B161,137.5207,70.139,-257.6992
B162,141.4635,59.009,-258.3528
B163,145.4213,47.251,-258.5734
B164,149.131,35.411,-258.3528
B165,152.4828,24.09,-257.6992
B166,155.5983,12.731,-256.6462
B167,158.5493,1.258,-255.1484
B168,161.2499,-10.218,-253.2474
B169,163.7303,-21.547,-250.9348
B170,165.957,-32.841,-248.2334
B171,166.4094,-43.522,-246.2801
C154,166.6439,-54.145,-244.0045
C155,160.2098,-62.602,-246.2801
C156,153.566,-70.977,-248.2334
C157,145.1256,-78.806,-250.9348
C158,136.4603,-86.513,-253.2474
C159,127.5302,-94.21,-255.1484
C160,118.3985,-101.758,-256.6462
C161,109.2016,-109.116,-257.6992
C162,99.8355,-116.305,-258.3528
C163,89.8753,-123.702,-258.5734
C164,79.7617,-130.889,-258.3528
C165,70.0304,-137.575,-257.6992
C166,60.1905,-144.048,-256.6462
C167,50.1901,-150.4,-255.1484
C168,40.1104,-156.515,-253.2474
C169,30.1031,-162.375,-250.9348
C170,20.0491,-167.983,-248.2334
C171,10.0311,-171.713,-246.2801
D154,0,-175.219,-244.0045
D155,-10.0311,-171.713,-246.2801
D156,-20.0491,-167.983,-248.2334
D157,-30.1031,-162.375,-250.9348
D158,-40.1104,-156.515,-253.2474
D159,-50.1901,-150.4,-255.1484
D160,-60.1905,-144.048,-256.6462
D161,-70.0304,-137.575,-257.6992
D162,-79.7617,-130.889,-258.3528
D163,-89.8753,-123.702,-258.5734
D164,-99.8355,-116.305,-258.3528
D165,-109.2016,-109.116,-257.6992
D166,-118.3985,-101.758,-256.6462
D167,-127.5302,-94.21,-255.1484
D168,-136.4603,-86.513,-253.2474
D169,-145.1256,-78.806,-250.9348
D170,-153.566,-70.977,-248.2334
D171,-160.2098,-62.602,-246.2801
E154,-166.6439,-54.145,-244.0045
E155,-166.4094,-43.522,-246.2801
E156,-165.957,-32.841,-248.2334
E157,-163.7303,-21.547,-250.9348
E158,-161.2499,-10.218,-253.2474
E159,-158.5493,1.258,-255.1484
E160,-155.5983,12.731,-256.6462
E161,-152.4828,24.09,-257.6992
E162,-149.131,35.411,-258.3528
E163,-145.4213,47.251,-258.5734
E164,-141.4635,59.009,-258.3528
E165,-137.5207,70.139,-257.6992
E166,-133.3648,81.159,-256.6462
E167,-129.0081,92.176,-255.1484
E168,-124.4475,103.048,-253.2474
E169,-119.7956,113.67,-250.9348
E170,-114.9581,124.117,-248.2334
E171,-109.0462,133.024,-246.2801
A154,-102.9916,141.756,-244.0045
A173,-97.7819,151.645,-240.1721
A174,-87.5221,154.586,-242.2464
A175,-77.1678,157.311,-244.0053
A176,-65.6786,158.581,-246.533
A177,-53.9996,159.713,-248.6285
A178,-42.2064,160.582,-250.3445
A179,-30.3762,161.18,-251.6714
A180,-18.5836,161.617,-252.5369
A181,-6.2083,161.908,-252.9578
A182,6.2083,161.908,-252.9578
A183,18.5836,161.617,-252.5369
A184,30.3762,161.18,-251.6714
A185,42.2064,160.582,-250.3445
A186,53.9996,159.713,-248.6285
A187,65.6786,158.581,-246.533
A188,77.1678,157.311,-244.0053
A189,87.5221,154.586,-242.2464
A190,97.7819,151.645,-240.1721
B172,107.8912,148.5,-237.7973
B173,114.0068,139.857,-240.1721
B174,119.9739,131.008,-242.2464
B175,125.7654,122.003,-244.0053
B176,130.5237,111.469,-246.533
B177,135.2089,100.711,-248.6285
B178,139.6796,89.763,-250.3445
B179,143.9045,78.697,-251.6714
B180,147.9638,67.617,-252.5369
B181,152.0645,55.937,-252.9578
B182,155.9015,44.128,-252.9578
B183,159.4491,32.269,-252.5369
B184,162.678,20.918,-251.6714
B185,165.7645,9.482,-250.3445
B186,168.5824,-2.002,-248.6285
B187,171.1154,-13.459,-246.533
B188,173.4577,-24.779,-244.0053
B189,174.0655,-35.468,-242.2464
B190,174.4393,-46.135,-240.1721
C172,174.5716,-56.721,-237.7973
C173,168.242,-65.208,-240.1721
C174,161.67,-73.618,-242.2464
C175,154.8951,-81.909,-244.0053
C176,146.3467,-89.689,-246.533
C177,137.5632,-97.47,-248.6285
C178,128.5331,-105.104,-250.3445
C179,119.314,-112.542,-251.6714
C180,110.0303,-119.827,-252.5369
C181,100.1894,-127.336,-252.9578
C182,90.1441,-134.635,-252.9578
C183,79.9614,-141.673,-252.5369
C184,70.1644,-148.252,-251.6714
C185,60.2418,-154.721,-250.3445
C186,50.1901,-160.95,-248.6285
C187,40.0765,-166.899,-246.533
C188,30.035,-172.625,-244.0053
C189,20.0563,-176.506,-242.2464
C190,10.0275,-180.158,-240.1721
D172,0,-183.555,-237.7973
D173,-10.0275,-180.158,-240.1721
D174,-20.0563,-176.506,-242.2464
D175,-30.035,-172.625,-244.0053
D176,-40.0765,-166.899,-246.533
D177,-50.1901,-160.95,-248.6285
D178,-60.2418,-154.721,-250.3445
D179,-70.1644,-148.252,-251.6714
D180,-79.9614,-141.673,-252.5369
D181,-90.1441,-134.635,-252.9578
D182,-100.1894,-127.336,-252.9578
D183,-110.0303,-119.827,-252.5369
D184,-119.314,-112.542,-251.6714
D185,-128.5331,-105.104,-250.3445
D186,-137.5632,-97.47,-248.6285
D187,-146.3467,-89.689,-246.533
D188,-154.895,-81.909,-244.0053
D189,-161.67,-73.618,-242.2464
D190,-168.242,-65.208,-240.1721
E172,-174.5716,-56.721,-237.7973
E173,-174.4393,-46.135,-240.1721
E174,-174.0655,-35.468,-242.2464
E175,-173.4577,-24.779,-244.0053
E176,-171.1154,-13.459,-246.533
E177,-168.5824,-2.002,-248.6285
E178,-165.7645,9.482,-250.3445
E179,-162.678,20.918,-251.6714
E180,-159.4491,32.269,-252.5369
E181,-155.9015,44.128,-252.9578
E182,-152.0645,55.937,-252.9578
E183,-147.9638,67.617,-252.5369
E184,-143.9045,78.697,-251.6714
E185,-139.6796,89.763,-250.3445
E186,-135.2089,100.711,-248.6285
E187,-130.5237,111.469,-246.533
E188,-125.7654,122.003,-244.0053
E189,-119.9739,131.008,-242.2464
E190,-114.0068,139.857,-240.1721
A172,-107.8912,148.5,-237.7973
A192,-102.6081,158.286,-233.7892
A193,-92.4209,161.3,-235.9681
A194,-82.1132,164.104,-237.8395
A195,-71.6985,166.694,-239.4009
A196,-60.0797,167.965,-241.6988
A197,-48.3663,168.973,-243.6167
A198,-36.5769,169.715,-245.1515
A199,-24.73,170.19,-246.3008
A200,-12.3755,170.625,-246.9299
A201,0,170.77,-247.1397
A202,12.3755,170.625,-246.9299
A203,24.73,170.19,-246.3008
A204,36.5769,169.715,-245.1515
A205,48.3663,168.973,-243.6167
A206,60.0797,167.965,-241.6988
A207,71.6985,166.694,-239.4009
A208,82.1132,164.104,-237.8395
A209,92.4209,161.3,-235.9681
A210,102.6081,158.286,-233.7892
B191,112.6616,155.066,-231.3056
B192,118.831,146.499,-233.7892
B193,124.8455,137.742,-235.9681
B194,130.6973,128.805,-237.8395
B195,136.3787,119.701,-239.4009
B196,141.1786,109.044,-241.6988
B197,145.7566,98.215,-243.6167
B198,150.1053,87.232,-245.1515
B199,154.218,76.112,-246.3008
B200,158.4491,64.496,-246.9299
B201,162.4113,52.771,-247.1397
B202,166.0976,40.956,-246.9299
B203,169.502,29.072,-246.3008
B204,172.7111,17.658,-245.1515
B205,175.6486,6.217,-243.6167
B206,178.3099,-5.235,-241.6988
B207,180.6909,-16.678,-239.4009
B208,181.4461,-27.383,-237.8395
B209,181.9647,-38.053,-235.9681
B210,182.2463,-48.673,-233.7892
C191,182.2903,-59.229,-231.3056
C192,176.0497,-67.744,-233.7892
C193,169.5797,-76.17,-235.9681
C194,162.8886,-84.497,-237.8395
C195,155.9852,-92.714,-239.4009
C196,147.3329,-100.572,-241.6988
C197,138.4488,-108.272,-243.6167
C198,129.3471,-115.802,-245.1515
C199,120.042,-123.15,-246.3008
C200,110.3025,-130.763,-246.9299
C201,100.3757,-138.155,-247.1397
C202,90.2785,-145.312,-246.9299
C203,80.028,-152.222,-246.3008
C204,70.1644,-158.801,-245.1515
C205,60.1905,-165.13,-243.6167
C206,50.1219,-171.2,-241.6988
C207,39.9746,-177.001,-239.4009
C208,30.0266,-181.027,-237.8395
C209,20.0395,-184.817,-235.9681
C210,10.0263,-188.367,-233.7892
D191,0,-191.671,-231.3056
D192,-10.0263,-188.367,-233.7892
D193,-20.0395,-184.817,-235.9681
D194,-30.0266,-181.027,-237.8395
D195,-39.9746,-177.001,-239.4009
D196,-50.1219,-171.2,-241.6988
D197,-60.1905,-165.13,-243.6167
D198,-70.1644,-158.801,-245.1515
D199,-80.028,-152.222,-246.3008
D200,-90.2785,-145.312,-246.9299
D201,-100.3757,-138.155,-247.1397
D202,-110.3025,-130.763,-246.9299
D203,-120.042,-123.15,-246.3008
D204,-129.3471,-115.802,-245.1515
D205,-138.4488,-108.272,-243.6167
D206,-147.3329,-100.572,-241.6988
D207,-155.9852,-92.714,-239.4009
D208,-162.8886,-84.497,-237.8395
D209,-169.5797,-76.17,-235.9681
D210,-176.0497,-67.744,-233.7892
E191,-182.2903,-59.229,-231.3056
E192,-182.2463,-48.673,-233.7892
E193,-181.9647,-38.053,-235.9681
E194,-181.4461,-27.383,-237.8395
E195,-180.6909,-16.678,-239.4009
E196,-178.3099,-5.235,-241.6988
E197,-175.6486,6.217,-243.6167
E198,-172.7111,17.658,-245.1515
E199,-169.502,29.072,-246.3008
E200,-166.0976,40.956,-246.9299
E201,-162.4113,52.771,-247.1397
E202,-158.4491,64.496,-246.9299
E203,-154.218,76.112,-246.3008
E204,-150.1053,87.232,-245.1515
E205,-145.7566,98.215,-243.6167
E206,-141.1786,109.044,-241.6988
E207,-136.3787,119.701,-239.4009
E208,-130.6973,128.805,-237.8395
E209,-124.8455,137.742,-235.9681
E210,-118.831,146.499,-233.7892
A191,-112.6616,155.066,-231.3056
A212,-107.3639,164.807,-227.0504
A213,-97.2191,167.898,-229.3445
A214,-86.9268,170.783,-231.3376
A215,-76.5441,173.452,-233.0145
A216,-66.1188,175.819,-234.4274
A217,-54.4472,176.971,-236.5523
A218,-42.6608,177.861,-238.298
A219,-30.8353,178.48,-239.6548
A220,-18.5843,179.17,-240.4015
A221,-6.2089,179.461,-240.8224
A222,6.2089,179.461,-240.8224
A223,18.5843,179.17,-240.4015
A224,30.8353,178.48,-239.6548
A225,42.6608,177.861,-238.298
A226,54.4472,176.971,-236.5523
A227,66.1188,175.819,-234.4274
A228,76.5441,173.452,-233.0145
A229,86.9268,170.783,-231.3376
A230,97.2191,167.898,-229.3445
A231,107.3639,164.807,-227.0504
B211,117.2971,161.446,-224.5369
B212,123.5633,153.038,-227.0504
B213,129.638,144.345,-229.3445
B214,135.5624,135.448,-231.3376
B215,141.3088,126.398,-233.0145
B216,146.7818,117.214,-234.4274
B217,151.4842,106.47,-236.5523
B218,155.9723,95.535,-238.298
B219,160.2155,84.48,-239.6548
B220,164.658,73.042,-240.4015
B221,168.7588,61.362,-240.8224
B222,172.5961,49.552,-240.8224
B223,176.1437,37.692,-240.4015
B224,179.2727,25.828,-239.6548
B225,182.3382,14.389,-238.298
B226,185.1344,2.905,-236.5523
B227,187.6455,-8.551,-234.4274
B228,188.6156,-19.198,-233.0145
B229,189.2861,-29.897,-231.3376
B230,189.7227,-40.577,-229.3445
B231,189.9178,-51.181,-227.0504
C211,189.7908,-61.666,-224.5369
C212,183.7302,-70.224,-227.0504
C213,177.3398,-78.688,-229.3445
C214,170.709,-87.072,-231.3376
C215,163.8777,-95.333,-233.0145
C216,156.8349,-103.376,-234.4274
C217,148.0696,-111.169,-236.5523
C218,139.057,-118.816,-238.298
C219,129.8539,-126.268,-239.6548
C220,120.3486,-134.028,-240.4015
C221,110.5075,-141.537,-240.8224
C222,100.4614,-148.836,-240.8224
C223,90.2785,-155.875,-240.4015
C224,79.9614,-162.517,-239.6548
C225,70.0304,-168.967,-238.298
C226,59.9722,-175.175,-236.5523
C227,49.8525,-181.104,-234.4274
C228,40.0268,-185.316,-233.0145
C229,30.0584,-189.26,-231.3376
C230,20.036,-192.976,-229.3445
C231,10.0118,-196.438,-227.0504
D211,0,-199.557,-224.5369
D212,-10.0118,-196.438,-227.0504
D213,-20.036,-192.976,-229.3445
D214,-30.0584,-189.26,-231.3376
D215,-40.0268,-185.316,-233.0145
D216,-49.8525,-181.104,-234.4274
D217,-59.9722,-175.175,-236.5523
D218,-70.0304,-168.967,-238.298
D219,-79.9614,-162.517,-239.6548
D220,-90.2785,-155.875,-240.4015
D221,-100.4614,-148.836,-240.8224
D222,-110.5075,-141.537,-240.8224
D223,-120.3486,-134.028,-240.4015
D224,-129.8539,-126.268,-239.6548
D225,-139.057,-118.816,-238.298
D226,-148.0696,-111.169,-236.5523
D227,-156.8349,-103.376,-234.4274
D228,-163.8777,-95.333,-233.0145
D229,-170.709,-87.072,-231.3376
D230,-177.3398,-78.688,-229.3445
D231,-183.7302,-70.224,-227.0504
E211,-189.7908,-61.666,-224.5369
E212,-189.9178,-51.181,-227.0504
E213,-189.7227,-40.577,-229.3445
E214,-189.2861,-29.897,-231.3376
E215,-188.6156,-19.198,-233.0145
E216,-187.6455,-8.551,-234.4274
E217,-185.1344,2.905,-236.5523
E218,-182.3381,14.389,-238.298
E219,-179.2727,25.828,-239.6548
E220,-176.1437,37.692,-240.4015
E221,-172.5961,49.552,-240.8224
E222,-168.7588,61.362,-240.8224
E223,-164.658,73.042,-240.4015
E224,-160.2155,84.48,-239.6548
E225,-155.9723,95.535,-238.298
E226,-151.4842,106.47,-236.5523
E227,-146.7818,117.214,-234.4274
E228,-141.3088,126.398,-233.0145
E229,-135.5624,135.448,-231.3376
E230,-129.638,144.345,-229.3445
E231,-123.5633,153.038,-227.0504
A211,-117.2971,161.446,-224.5369
A233,-111.9174,171.072,-220.1116
A234,-101.8983,174.291,-222.4403
A235,-91.6573,177.261,-224.5391
A236,-81.2964,179.999,-226.3441
A237,-70.9124,182.454,-227.8649
A238,-60.437,184.674,-229.0924
A239,-48.7016,185.72,-231.0337
A240,-36.8892,186.473,-232.61
A241,-24.6688,187.316,-233.5473
A242,-12.4071,187.847,-234.0941
A243,0,188.007,-234.294
A244,12.4071,187.847,-234.0941
A245,24.6688,187.316,-233.5473
A246,36.8892,186.473,-232.61
A247,48.7016,185.72,-231.0337
A248,60.4371,184.674,-229.0924
A249,70.9124,182.454,-227.8649
A250,81.2964,179.999,-226.3441
A251,91.6573,177.261,-224.5391
A252,101.8983,174.291,-222.4403
A253,111.9174,171.072,-220.1116
B232,121.7923,167.633,-217.4996
B233,128.1146,159.304,-220.1116
B234,134.2719,150.77,-222.4403
B235,140.261,141.948,-224.5391
B236,146.0666,132.94,-226.3441
B237,151.6102,123.823,-227.8649
B238,156.9586,114.547,-229.0924
B239,161.5801,103.709,-231.0337
B240,165.9464,92.707,-232.61
B241,170.525,81.346,-233.5473
B242,174.8184,69.848,-234.0941
B243,178.8049,58.098,-234.294
B244,182.4864,46.248,-234.0941
B245,185.7711,34.423,-233.5473
B246,188.7452,22.54,-232.61
B247,191.6794,11.073,-231.0337
B248,194.3107,-0.411,-229.0924
B249,195.4364,-11.06,-227.8649
B250,196.3106,-21.695,-226.3441
B251,196.9084,-32.394,-224.5391
B252,197.2485,-43.052,-222.4403
B253,197.2833,-53.575,-220.1116
C232,197.0641,-64.03,-217.4996
C233,191.0965,-72.616,-220.1116
C234,184.8829,-81.109,-222.4403
C235,178.3434,-89.531,-224.5391
C236,171.5705,-97.837,-226.3441
C237,164.6126,-105.926,-227.8649
C238,157.4428,-113.879,-229.0924
C239,148.5636,-121.624,-231.0337
C240,139.4497,-129.176,-232.61
C241,130.059,-137.041,-233.5473
C242,120.4508,-144.678,-234.0941
C243,110.5075,-152.1,-234.294
C244,100.3757,-159.263,-234.0941
C245,90.1441,-166.041,-233.5473
C246,79.7617,-172.542,-232.61
C247,69.7628,-178.876,-231.0337
C248,59.6536,-184.927,-229.0924
C249,49.874,-189.289,-227.8649
C250,40.0302,-193.406,-226.3441
C251,30.0387,-197.281,-224.5391
C252,20.008,-200.898,-222.4403
C253,10.0104,-204.183,-220.1116
D232,0,-207.205,-217.4996
D233,-10.0104,-204.183,-220.1116
D234,-20.008,-200.898,-222.4403
D235,-30.0387,-197.281,-224.5391
D236,-40.0302,-193.406,-226.3441
D237,-49.874,-189.289,-227.8649
D238,-59.6536,-184.927,-229.0924
D239,-69.7628,-178.876,-231.0337
D240,-79.7617,-172.542,-232.61
D241,-90.1441,-166.041,-233.5473
D242,-100.3757,-159.263,-234.0941
D243,-110.5075,-152.1,-234.294
D244,-120.4508,-144.678,-234.0941
D245,-130.059,-137.041,-233.5473
D246,-139.4497,-129.176,-232.61
D247,-148.5636,-121.624,-231.0337
D248,-157.4428,-113.879,-229.0924
D249,-164.6126,-105.926,-227.8649
D250,-171.5705,-97.837,-226.3441
D251,-178.3434,-89.531,-224.5391
D252,-184.8829,-81.109,-222.4403
D253,-191.0965,-72.616,-220.1116
E232,-197.0641,-64.03,-217.4996
E233,-197.2833,-53.575,-220.1116
E234,-197.2485,-43.052,-222.4403
E235,-196.9084,-32.394,-224.5391
E236,-196.3106,-21.695,-226.3441
E237,-195.4364,-11.06,-227.8649
E238,-194.3107,-0.411,-229.0924
E239,-191.6794,11.073,-231.0337
E240,-188.7452,22.54,-232.61
E241,-185.7711,34.423,-233.5473
E242,-182.4864,46.248,-234.0941
E243,-178.8049,58.098,-234.294
E244,-174.8184,69.848,-234.0941
E245,-170.525,81.346,-233.5473
E246,-165.9464,92.707,-232.61
E247,-161.5801,103.709,-231.0337
E248,-156.9586,114.547,-229.0924
E249,-151.6102,123.823,-227.8649
E250,-146.0666,132.94,-226.3441
E251,-140.261,141.948,-224.5391
E252,-134.2719,150.77,-222.4403
E253,-128.1146,159.304,-220.1116
A232,-121.7923,167.633,-217.4996
A255,-116.3388,177.151,-212.8926
A256,-106.3645,180.449,-215.3254
A257,-96.2735,183.502,-217.4825
A258,-85.9496,186.326,-219.398
A259,-75.6215,188.884,-221.008
A260,-65.1732,191.192,-222.3472
A261,-54.6621,193.243,-223.4042
A262,-42.8817,194.155,-225.1781
A263,-30.7123,195.177,-226.2807
A264,-18.4605,195.861,-227.0195
A265,-6.2088,196.204,-227.3891
A266,6.2088,196.204,-227.3891
A267,18.4605,195.861,-227.0195
A268,30.7123,195.177,-226.2807
A269,42.8817,194.155,-225.1781
A270,54.6621,193.243,-223.4042
A271,65.1732,191.192,-222.3472
A272,75.6215,188.884,-221.008
A273,85.9496,186.326,-219.398
A274,96.2735,183.502,-217.4825
A275,106.3645,180.449,-215.3254
A276,116.3388,177.151,-212.8926
B254,126.1417,173.62,-210.2018
B255,132.5292,165.388,-212.8926
B256,138.7485,156.921,-215.3254
B257,144.7706,148.267,-217.4825
B258,150.6465,139.321,-219.398
B259,156.2707,130.289,-221.008
B260,161.6947,121.065,-222.3472
B261,166.8933,111.702,-223.4042
B262,171.4012,100.781,-225.1781
B263,176.1336,89.522,-226.2807
B264,180.5703,78.082,-227.0195
B265,184.682,66.536,-227.3891
B266,188.5192,54.726,-227.3891
B267,191.9795,42.968,-227.0195
B268,195.1148,31.104,-226.2807
B269,197.9035,19.215,-225.1781
B270,200.6764,7.729,-223.4042
B271,201.9739,-2.901,-222.3472
B272,203.0073,-13.552,-221.008
B273,203.7663,-24.165,-219.398
B274,204.2709,-34.856,-217.4825
B275,204.4854,-45.397,-215.3254
B276,204.4306,-55.902,-212.8926
C254,204.1016,-66.316,-210.2018
C255,198.2464,-74.935,-212.8926
C256,192.1158,-83.466,-215.3254
C257,185.7466,-91.868,-217.4825
C258,179.0543,-100.22,-219.398
C259,172.202,-108.36,-221.008
C260,165.106,-116.369,-222.3472
C261,157.8079,-124.207,-223.4042
C262,148.8135,-131.869,-225.1781
C263,139.5688,-139.849,-226.2807
C264,130.059,-147.604,-227.0195
C265,120.3486,-155.082,-227.3891
C266,110.3025,-162.381,-227.3891
C267,100.1894,-169.305,-227.0195
C268,89.8753,-175.953,-226.2807
C269,79.4294,-182.28,-225.1781
C270,69.3627,-188.466,-223.4042
C271,59.6536,-192.985,-222.3472
C272,49.8439,-197.259,-221.008
C273,39.9849,-201.26,-219.398
C274,29.9728,-205.044,-217.4825
C275,20.0144,-208.505,-215.3254
C276,10.0062,-211.699,-212.8926
D254,0,-214.605,-210.2018
D255,-10.0062,-211.699,-212.8926
D256,-20.0144,-208.505,-215.3254
D257,-29.9728,-205.044,-217.4825
D258,-39.9849,-201.26,-219.398
D259,-49.8439,-197.259,-221.008
D260,-59.6536,-192.985,-222.3472
D261,-69.3627,-188.466,-223.4042
D262,-79.4294,-182.28,-225.1781
D263,-89.8753,-175.953,-226.2807
D264,-100.1894,-169.305,-227.0195
D265,-110.3025,-162.381,-227.3891
D266,-120.3486,-155.082,-227.3891
D267,-130.059,-147.604,-227.0195
D268,-139.5688,-139.849,-226.2807
D269,-148.8135,-131.869,-225.1781
D270,-157.8079,-124.207,-223.4042
D271,-165.106,-116.369,-222.3472
D272,-172.202,-108.36,-221.008
D273,-179.0543,-100.22,-219.398
D274,-185.7466,-91.868,-217.4825
D275,-192.1158,-83.466,-215.3254
D276,-198.2464,-74.935,-212.8926
E254,-204.1016,-66.316,-210.2018
E255,-204.4306,-55.902,-212.8926
E256,-204.4854,-45.397,-215.3254
E257,-204.2709,-34.856,-217.4825
E258,-203.7663,-24.165,-219.398
E259,-203.0073,-13.552,-221.008
E260,-201.9739,-2.901,-222.3472
E261,-200.6764,7.729,-223.4042
E262,-197.9035,19.215,-225.1781
E263,-195.1148,31.104,-226.2807
E264,-191.9795,42.968,-227.0195
E265,-188.5192,54.726,-227.3891
E266,-184.682,66.536,-227.3891
E267,-180.5703,78.082,-227.0195
E268,-176.1336,89.522,-226.2807
E269,-171.4012,100.781,-225.1781
E270,-166.8933,111.702,-223.4042
E271,-161.6947,121.065,-222.3472
E272,-156.2707,130.289,-221.008
E273,-150.6465,139.321,-219.398
E274,-144.7706,148.267,-217.4825
E275,-138.7485,156.921,-215.3254
E276,-132.5292,165.388,-212.8926
A254,-126.1417,173.62,-210.2018
A278,-120.5988,183.012,-205.4338
A279,-110.7029,186.39,-207.9516
A280,-100.6651,189.53,-210.2029
A281,-90.4982,192.427,-212.1846
A282,-80.2153,195.077,-213.8944
A283,-69.8295,197.477,-215.33
A284,-59.3543,199.624,-216.4895
A285,-48.8029,201.515,-217.3715
A286,-36.6734,202.7,-218.6503
A287,-24.4829,203.549,-219.5653
A288,-12.2517,204.058,-220.1148
A289,0,204.228,-220.2981
A290,12.2517,204.058,-220.1148
A291,24.4829,203.549,-219.5653
A292,36.6734,202.7,-218.6503
A293,48.8029,201.515,-217.3715
A294,59.3543,199.624,-216.4895
A295,69.8295,197.477,-215.33
A296,80.2153,195.077,-213.8944
A297,90.4982,192.427,-212.1846
A298,100.6651,189.53,-210.2029
A299,110.7029,186.39,-207.9516
A300,120.5988,183.012,-205.4338
B277,130.3401,179.398,-202.6525
B278,136.7868,171.25,-205.4338
B279,143.0582,162.883,-207.9516
B280,149.1462,154.306,-210.2029
B281,155.0429,145.532,-212.1846
B282,160.7409,136.572,-213.8944
B283,166.2329,127.436,-215.33
B284,171.5117,118.137,-216.4895
B285,176.5707,108.686,-217.3715
B286,181.4464,97.517,-218.6503
B287,186.0202,86.185,-219.5653
B288,190.2844,74.71,-220.1148
B289,194.232,63.11,-220.2981
B290,197.8563,51.406,-220.1148
B291,201.1514,39.616,-219.5653
B292,204.1118,27.76,-218.6503
B293,206.7326,15.857,-217.3715
B294,208.1947,5.238,-216.4895
B295,209.3899,-5.388,-215.33
B296,210.3167,-16.007,-213.8944
B297,210.9739,-26.605,-212.1846
B298,211.3606,-37.17,-210.2029
B299,211.4763,-47.687,-207.9516
B300,211.321,-58.142,-205.4338
C277,210.8947,-68.523,-202.6525
C278,205.1377,-77.173,-205.4338
C279,199.1177,-85.723,-207.9516
C280,192.8425,-94.163,-210.2029
C281,186.32,-102.482,-212.1846
C282,179.5586,-110.67,-213.8944
C283,172.5671,-118.717,-215.33
C284,165.3544,-126.611,-216.4895
C285,157.9296,-134.343,-217.3715
C286,148.8135,-142.431,-218.6503
C287,139.4497,-150.283,-219.5653
C288,129.8539,-157.884,-220.1148
C289,120.042,-165.223,-220.2981
C290,110.0303,-172.287,-220.1148
C291,99.8355,-179.064,-219.5653
C292,89.4746,-185.543,-218.6503
C293,78.9648,-191.714,-217.3715
C294,69.3171,-196.386,-216.4895
C295,59.5805,-200.806,-215.33
C296,49.7676,-204.969,-213.8944
C297,39.8909,-208.869,-212.1846
C298,29.963,-212.502,-210.2029
C299,19.9967,-215.862,-207.9516
C300,10.0048,-218.945,-205.4338
D277,0,-221.747,-202.6525
D278,-10.0048,-218.945,-205.4338
D279,-19.9967,-215.862,-207.9516
D280,-29.963,-212.502,-210.2029
D281,-39.8909,-208.869,-212.1846
D282,-49.7676,-204.969,-213.8944
D283,-59.5805,-200.806,-215.33
D284,-69.3171,-196.386,-216.4895
D285,-78.9648,-191.714,-217.3715
D286,-89.4746,-185.543,-218.6503
D287,-99.8355,-179.064,-219.5653
D288,-110.0303,-172.287,-220.1148
D289,-120.042,-165.223,-220.2981
D290,-129.8539,-157.884,-220.1148
D291,-139.4497,-150.283,-219.5653
D292,-148.8135,-142.431,-218.6503
D293,-157.9296,-134.343,-217.3715
D294,-165.3544,-126.611,-216.4895
D295,-172.5671,-118.717,-215.33
D296,-179.5586,-110.67,-213.8944
D297,-186.32,-102.482,-212.1846
D298,-192.8425,-94.163,-210.2029
D299,-199.1177,-85.723,-207.9516
D300,-205.1377,-77.173,-205.4338
E277,-210.8947,-68.523,-202.6525
E278,-211.321,-58.142,-205.4338
E279,-211.4763,-47.687,-207.9516
E280,-211.3606,-37.17,-210.2029
E281,-210.9739,-26.605,-212.1846
E282,-210.3167,-16.007,-213.8944
E283,-209.3899,-5.388,-215.33
E284,-208.1947,5.238,-216.4895
E285,-206.7326,15.857,-217.3715
E286,-204.1118,27.76,-218.6503
E287,-201.1514,39.616,-219.5653
E288,-197.8563,51.406,-220.1148
E289,-194.232,63.11,-220.2981
E290,-190.2844,74.71,-220.1148
E291,-186.0202,86.185,-219.5653
E292,-181.4464,97.517,-218.6503
E293,-176.5707,108.686,-217.3715
E294,-171.5117,118.137,-216.4895
E295,-166.2329,127.436,-215.33
E296,-160.7409,136.572,-213.8944
E297,-155.0429,145.532,-212.1846
E298,-149.1462,154.306,-210.2029
E299,-143.0582,162.883,-207.9516
E300,-136.7868,171.25,-205.4338
A277,-130.3401,179.398,-202.6525
A302,-124.9537,188.874,-197.3661
A303,-115.1089,192.343,-199.9862
A304,-105.0943,195.578,-202.3478
A305,-94.9682,198.567,-204.4326
A306,-84.6037,201.326,-206.2772
A307,-74.2474,203.817,-207.8136
A308,-63.7729,206.056,-209.0792
A309,-53.241,208.038,-210.0616
A310,-42.8685,209.476,-211.0036
A311,-30.6997,210.497,-212.1054
A312,-18.4516,211.182,-212.8429
A313,-6.2008,211.524,-213.2121
A314,6.2008,211.524,-213.2121
A315,18.4516,211.182,-212.8429
A316,30.6997,210.497,-212.1054
A317,42.8685,209.476,-211.0036
A318,53.241,208.038,-210.0616
A319,63.7729,206.056,-209.0792
A320,74.2474,203.817,-207.8136
A321,84.6037,201.326,-206.2772
A322,94.9682,198.567,-204.4326
A323,105.0943,195.578,-202.3478
A324,115.1089,192.343,-199.9862
A325,124.9537,188.874,-197.3661
B301,134.3825,184.962,-194.8607
B302,141.017,177.204,-197.3661
B303,147.3579,168.913,-199.9862
B304,153.5298,160.388,-202.3478
B305,159.5009,151.681,-204.4326
B306,165.3283,142.676,-206.2772
B307,170.8969,133.597,-207.8136
B308,176.264,124.327,-209.0792
B309,181.4033,114.923,-210.0616
B310,185.9758,105.502,-211.0036
B311,190.7078,94.245,-212.1054
B312,195.1436,82.808,-212.8429
B313,199.2549,71.262,-213.2121
B314,203.0872,59.468,-213.2121
B315,206.5473,47.71,-212.8429
B316,209.6813,35.85,-212.1054
B317,212.47,23.961,-211.0036
B318,214.308,13.652,-210.0616
B319,215.6778,3.024,-209.0792
B320,216.7844,-7.63,-207.8136
B321,217.6162,-18.249,-206.2772
B322,218.1945,-28.959,-204.4326
B323,218.4816,-39.513,-202.3478
B324,218.4992,-50.038,-199.9862
B325,218.2426,-60.472,-197.3661
C301,217.4355,-70.649,-194.8607
C302,212.107,-79.356,-197.3661
C303,206.1812,-87.949,-199.9862
C304,199.9809,-96.453,-202.3478
C305,193.5452,-104.822,-204.4326
C306,186.7822,-113.147,-206.2772
C307,179.8676,-121.249,-207.8136
C308,172.71,-129.218,-209.0792
C309,165.3544,-137.011,-210.0616
C310,157.8079,-144.271,-211.0036
C311,148.5636,-152.25,-212.1054
C312,139.057,-160.003,-212.8429
C313,129.3471,-167.481,-213.2121
C314,119.314,-174.771,-213.2121
C315,109.2016,-181.695,-212.8429
C316,98.8905,-188.34,-212.1054
C317,88.4452,-194.666,-211.0036
C318,79.2087,-199.6,-210.0616
C319,69.5233,-204.187,-209.0792
C320,59.7327,-208.532,-207.8136
C321,49.8905,-212.604,-206.2772
C322,39.8834,-216.464,-204.4326
C323,29.9348,-219.998,-202.3478
C324,19.931,-223.267,-199.9862
C325,9.9276,-226.248,-197.3661
D301,0,-228.625,-194.8607
D302,-9.9276,-226.248,-197.3661
D303,-19.931,-223.267,-199.9862
D304,-29.9348,-219.998,-202.3478
D305,-39.8834,-216.464,-204.4326
D306,-49.8905,-212.604,-206.2772
D307,-59.7327,-208.532,-207.8136
D308,-69.5233,-204.187,-209.0792
D309,-79.2087,-199.6,-210.0616
D310,-88.4452,-194.666,-211.0036
D311,-98.8905,-188.34,-212.1054
D312,-109.2016,-181.695,-212.8429
D313,-119.314,-174.771,-213.2121
D314,-129.3471,-167.481,-213.2121
D315,-139.057,-160.003,-212.8429
D316,-148.5636,-152.25,-212.1054
D317,-157.8079,-144.271,-211.0036
D318,-165.3544,-137.011,-210.0616
D319,-172.71,-129.218,-209.0792
D320,-179.8676,-121.249,-207.8136
D321,-186.7822,-113.147,-206.2772
D322,-193.5452,-104.822,-204.4326
D323,-199.9809,-96.453,-202.3478
D324,-206.1812,-87.949,-199.9862
D325,-212.107,-79.356,-197.3661
E301,-217.4355,-70.649,-194.8607
E302,-218.2426,-60.472,-197.3661
E303,-218.4992,-50.038,-199.9862
E304,-218.4816,-39.513,-202.3478
E305,-218.1945,-28.959,-204.4326
E306,-217.6162,-18.249,-206.2772
E307,-216.7844,-7.63,-207.8136
E308,-215.6778,3.024,-209.0792
E309,-214.308,13.652,-210.0616
E310,-212.47,23.961,-211.0036
E311,-209.6813,35.85,-212.1054
E312,-206.5473,47.71,-212.8429
E313,-203.0872,59.468,-213.2121
E314,-199.2549,71.262,-213.2121
E315,-195.1436,82.808,-212.8429
E316,-190.7078,94.245,-212.1054
E317,-185.9758,105.502,-211.0036
E318,-181.4033,114.923,-210.0616
E319,-176.264,124.327,-209.0792
E320,-170.8969,133.597,-207.8136
E321,-165.3283,142.676,-206.2772
E322,-159.5009,151.681,-204.4326
E323,-153.5298,160.388,-202.3478
E324,-147.3579,168.913,-199.9862
E325,-141.017,177.204,-197.3661
A301,-134.3825,184.962,-194.8607
A327,-128.8929,194.293,-189.4129
A328,-119.3641,198.043,-191.7586
A329,-109.4096,201.375,-194.2112
A330,-99.3142,204.447,-196.4137
A331,-89.0003,207.306,-198.3516
A332,-78.5697,209.894,-200.0295
A333,-68.1341,212.231,-201.3856
A334,-57.6107,214.295,-202.4824
A335,-47.2682,215.836,-203.5209
A336,-36.8679,217.114,-204.3104
A337,-24.6505,217.983,-205.2221
A338,-12.3918,218.488,-205.7908
A339,0,218.674,-205.9661
A340,12.3918,218.488,-205.7908
A341,24.6505,217.983,-205.2221
A342,36.8679,217.114,-204.3104
A343,47.2682,215.836,-203.5209
A344,57.6107,214.295,-202.4824
A345,68.1341,212.231,-201.3856
A346,78.5697,209.894,-200.0295
A347,89.0003,207.306,-198.3516
A348,99.3142,204.447,-196.4137
A349,109.4096,201.375,-194.2112
A350,119.3641,198.043,-191.7586
A351,128.8929,194.293,-189.4129
B326,138.2641,190.305,-186.8356
B327,144.9529,182.624,-189.4129
B328,151.4645,174.721,-191.7586
B329,157.7092,166.283,-194.2112
B330,163.7507,157.631,-196.4137
B331,169.657,148.706,-198.3516
B332,175.3409,139.585,-200.0295
B333,180.7885,130.383,-201.3856
B334,186.0034,121.012,-202.4824
B335,190.6654,111.652,-203.5209
B336,195.0942,102.156,-204.3104
B337,199.6963,90.805,-205.2221
B338,203.9646,79.302,-205.7908
B339,207.9709,67.574,-205.9661
B340,211.6231,55.731,-205.7908
B341,214.9311,43.917,-205.2221
B342,217.8798,32.029,-204.3104
B343,219.8788,21.743,-203.5209
B344,221.6087,11.43,-202.4824
B345,222.8977,0.784,-201.3856
B346,223.8997,-9.863,-200.0295
B347,224.6623,-20.583,-198.3516
B348,225.1303,-31.275,-196.4137
B349,225.328,-41.826,-194.2112
B350,225.2356,-52.323,-191.7586
B351,224.6131,-62.544,-189.4129
C326,223.716,-72.689,-186.8356
C327,218.4788,-81.424,-189.4129
C328,212.9743,-90.059,-191.7586
C329,206.8792,-98.606,-194.2112
C330,200.5177,-107.025,-196.4137
C331,193.8541,-115.401,-198.3516
C332,186.9364,-123.625,-200.0295
C333,179.8676,-131.649,-201.3856
C334,172.5671,-139.505,-202.4824
C335,165.106,-146.831,-203.5209
C336,157.4428,-153.978,-204.3104
C337,148.0696,-161.862,-205.2221
C338,138.4488,-169.476,-205.7908
C339,128.5331,-176.91,-205.9661
C340,118.3985,-184.043,-205.7908
C341,108.1843,-190.84,-205.2221
C342,97.7892,-197.318,-204.3104
C343,88.6243,-202.398,-203.5209
C344,79.351,-207.23,-202.4824
C345,69.6243,-211.746,-201.3856
C346,59.8079,-215.989,-200.0295
C347,49.8486,-220.027,-198.3516
C348,39.824,-223.776,-196.4137
C349,29.8508,-227.224,-194.2112
C350,19.8391,-230.38,-191.7586
C351,9.9256,-232.947,-189.4129
D326,0,-235.229,-186.8356
D327,-9.9256,-232.947,-189.4129
D328,-19.8391,-230.38,-191.7586
D329,-29.8508,-227.224,-194.2112
D330,-39.824,-223.776,-196.4137
D331,-49.8486,-220.027,-198.3516
D332,-59.8079,-215.989,-200.0295
D333,-69.6243,-211.746,-201.3856
D334,-79.351,-207.23,-202.4824
D335,-88.6243,-202.398,-203.5209
D336,-97.7892,-197.318,-204.3104
D337,-108.1843,-190.84,-205.2221
D338,-118.3985,-184.043,-205.7908
D339,-128.5331,-176.91,-205.9661
D340,-138.4488,-169.476,-205.7908
D341,-148.0696,-161.862,-205.2221
D342,-157.4428,-153.978,-204.3104
D343,-165.106,-146.831,-203.5209
D344,-172.5671,-139.505,-202.4824
D345,-179.8676,-131.649,-201.3856
D346,-186.9364,-123.625,-200.0295
D347,-193.8541,-115.401,-198.3516
D348,-200.5177,-107.025,-196.4137
D349,-206.8792,-98.606,-194.2112
D350,-212.9743,-90.059,-191.7586
D351,-218.4788,-81.424,-189.4129
E326,-223.716,-72.689,-186.8356
E327,-224.6131,-62.544,-189.4129
E328,-225.2356,-52.323,-191.7586
E329,-225.328,-41.826,-194.2112
E330,-225.1303,-31.275,-196.4137
E331,-224.6623,-20.583,-198.3516
E332,-223.8997,-9.863,-200.0295
E333,-222.8977,0.784,-201.3856
E334,-221.6087,11.43,-202.4824
E335,-219.8788,21.743,-203.5209
E336,-217.8798,32.029,-204.3104
E337,-214.9311,43.917,-205.2221
E338,-211.6232,55.731,-205.7908
E339,-207.9709,67.574,-205.9661
E340,-203.9646,79.302,-205.7908
E341,-199.6963,90.805,-205.2221
E342,-195.0942,102.156,-204.3104
E343,-190.6654,111.652,-203.5209
E344,-186.0034,121.012,-202.4824
E345,-180.7885,130.383,-201.3856
E346,-175.3409,139.585,-200.0295
E347,-169.657,148.706,-198.3516
E348,-163.7507,157.631,-196.4137
E349,-157.7092,166.283,-194.2112
E350,-151.4645,174.721,-191.7586
E351,-144.9529,182.624,-189.4129
A326,-138.2641,190.305,-186.8356
A353,-132.6793,199.494,-181.2145
A354,-123.1951,203.323,-183.6386
A355,-113.5804,206.89,-185.8393
A356,-103.5306,210.061,-188.1385
A357,-93.2817,213.033,-190.1469
A358,-82.8866,215.721,-191.9233
A359,-72.4062,218.115,-193.4519
A360,-61.9066,220.277,-194.6436
A361,-51.6079,221.936,-195.7587
A362,-41.2231,223.317,-196.6479
A363,-30.8105,224.417,-197.3021
A364,-18.5633,225.108,-198.0459
A365,-6.2008,225.502,-198.3699
A366,6.2008,225.502,-198.3699
A367,18.5633,225.108,-198.0459
A368,30.8105,224.417,-197.3021
A369,41.2231,223.317,-196.6479
A370,51.6079,221.936,-195.7587
A371,61.9066,220.277,-194.6436
A372,72.4062,218.115,-193.4519
A373,82.8866,215.721,-191.9233
A374,93.2817,213.033,-190.1469
A375,103.5306,210.061,-188.1385
A376,113.5804,206.89,-185.8393
A377,123.1951,203.323,-183.6386
A378,132.6793,199.494,-181.2145
B352,141.9801,195.419,-178.5868
B353,148.7294,187.833,-181.2145
B354,155.3017,179.996,-183.6386
B355,161.6657,171.954,-185.8393
B356,167.7869,163.376,-188.1385
B357,173.7803,154.547,-190.1469
B358,179.5492,145.492,-191.9233
B359,185.0643,136.264,-193.4519
B360,190.365,126.946,-194.6436
B361,195.1254,117.664,-195.7587
B362,199.6483,108.215,-196.6479
B363,203.9117,98.651,-197.3021
B364,208.3535,87.217,-198.0459
B365,212.5489,75.582,-198.3699
B366,216.3812,63.787,-198.3699
B367,219.8263,51.908,-198.0459
B368,222.9537,40.046,-197.3021
B369,225.1257,29.804,-196.6479
B370,227.0208,19.5,-195.7587
B371,228.6254,9.193,-194.6436
B372,229.8138,-1.461,-193.4519
B373,230.776,-12.168,-191.9233
B374,231.4315,-22.885,-190.1469
B375,231.7723,-33.551,-188.1385
B376,231.8623,-44.088,-185.8393
B377,231.4405,-54.335,-183.6386
B378,230.7298,-64.538,-181.2145
C352,229.7287,-74.643,-178.5868
C353,224.5992,-83.406,-181.2145
C354,219.1768,-92.079,-183.6386
C355,213.4953,-100.616,-185.8393
C356,207.2286,-109.088,-188.1385
C357,200.6838,-117.517,-190.1469
C358,193.8541,-125.802,-191.9233
C359,186.7822,-133.899,-193.4519
C360,179.5586,-141.819,-194.6436
C361,172.202,-149.215,-195.7587
C362,164.6126,-156.436,-196.6479
C363,156.8349,-163.446,-197.3021
C364,147.3329,-171.204,-198.0459
C365,137.5632,-178.79,-198.3699
C366,127.5302,-186.079,-198.3699
C367,117.2968,-193.027,-198.0459
C368,106.9824,-199.666,-197.3021
C369,97.9122,-204.897,-196.6479
C370,88.6987,-209.883,-195.7587
C371,79.3916,-214.595,-194.6436
C372,69.6266,-219.017,-193.4519
C373,59.7408,-223.241,-191.9233
C374,49.7509,-227.176,-190.1469
C375,39.7125,-230.796,-188.1385
C376,29.7184,-234.138,-185.8393
C377,19.8429,-236.903,-183.6386
C378,9.9195,-239.38,-181.2145
D352,0,-241.551,-178.5868
D353,-9.9195,-239.38,-181.2145
D354,-19.8429,-236.903,-183.6386
D355,-29.7184,-234.138,-185.8393
D356,-39.7125,-230.796,-188.1385
D357,-49.7509,-227.176,-190.1469
D358,-59.7408,-223.241,-191.9233
D359,-69.6266,-219.017,-193.4519
D360,-79.3916,-214.595,-194.6436
D361,-88.6987,-209.883,-195.7587
D362,-97.9122,-204.897,-196.6479
D363,-106.9824,-199.666,-197.3021
D364,-117.2968,-193.027,-198.0459
D365,-127.5302,-186.079,-198.3699
D366,-137.5632,-178.79,-198.3699
D367,-147.3329,-171.204,-198.0459
D368,-156.8349,-163.446,-197.3021
D369,-164.6126,-156.436,-196.6479
D370,-172.202,-149.215,-195.7587
D371,-179.5586,-141.819,-194.6436
D372,-186.7822,-133.899,-193.4519
D373,-193.8541,-125.802,-191.9233
D374,-200.6838,-117.517,-190.1469
D375,-207.2286,-109.088,-188.1385
D376,-213.4953,-100.616,-185.8393
D377,-219.1768,-92.079,-183.6386
D378,-224.5992,-83.406,-181.2145
E352,-229.7287,-74.643,-178.5868
E353,-230.7298,-64.538,-181.2145
E354,-231.4405,-54.335,-183.6386
E355,-231.8622,-44.088,-185.8393
E356,-231.7723,-33.551,-188.1385
E357,-231.4315,-22.885,-190.1469
E358,-230.776,-12.168,-191.9233
E359,-229.8138,-1.461,-193.4519
E360,-228.6254,9.193,-194.6436
E361,-227.0208,19.5,-195.7587
E362,-225.1257,29.804,-196.6479
E363,-222.9537,40.046,-197.3021
E364,-219.8263,51.908,-198.0459
E365,-216.3812,63.787,-198.3699
E366,-212.5489,75.582,-198.3699
E367,-208.3535,87.217,-198.0459
E368,-203.9117,98.651,-197.3021
E369,-199.6483,108.215,-196.6479
E370,-195.1254,117.664,-195.7587
E371,-190.365,126.946,-194.6436
E372,-185.0643,136.264,-193.4519
E373,-179.5492,145.492,-191.9233
E374,-173.7803,154.547,-190.1469
E375,-167.7869,163.376,-188.1385
E376,-161.6657,171.954,-185.8393
E377,-155.3017,179.996,-183.6386
E378,-148.7294,187.833,-181.2145
A352,-141.9801,195.419,-178.5868
A380,-136.2851,204.453,-172.8163
A381,-126.878,208.358,-175.2979
A382,-117.3164,212.008,-177.5659
A383,-107.6119,215.401,-179.6177
A384,-97.4169,218.476,-181.7102
A385,-87.0948,221.266,-183.5655
A386,-76.659,223.767,-185.1812
A387,-66.1232,225.976,-186.5552
A388,-55.8582,227.744,-187.7581
A389,-45.5253,229.233,-188.7322
A390,-35.1369,230.444,-189.4763
A391,-24.7056,231.374,-189.9897
A392,-12.3633,231.964,-190.4739
A393,0,232.16,-190.6355
A394,12.3633,231.964,-190.4739
A395,24.7056,231.374,-189.9897
A396,35.1369,230.444,-189.4763
A397,45.5253,229.233,-188.7322
A398,55.8582,227.744,-187.7581
A399,66.1232,225.976,-186.5552
A400,76.659,223.767,-185.1812
A401,87.0948,221.266,-183.5655
A402,97.4169,218.476,-181.7102
A403,107.6119,215.401,-179.6177
A404,117.3164,212.008,-177.5659
A405,126.878,208.358,-175.2979
A406,136.2851,204.453,-172.8163
B379,145.5263,200.3,-170.1243
B380,152.332,192.795,-172.8163
B381,158.9522,185.055,-175.2979
B382,165.3788,177.089,-177.5659
B383,171.604,168.908,-179.6177
B384,177.679,160.162,-181.7102
B385,183.5221,151.207,-183.5655
B386,189.1257,142.055,-185.1812
B387,194.4825,132.718,-186.5552
B388,199.3354,123.501,-187.7581
B389,203.9455,114.134,-188.7322
B390,208.3071,104.629,-189.4763
B391,212.4149,94.995,-189.9897
B392,216.7898,83.439,-190.4739
B393,220.7973,71.742,-190.6355
B394,224.4307,59.923,-190.4739
B395,227.6838,48.002,-189.9897
B396,230.0228,37.794,-189.4763
B397,232.0817,27.54,-188.7322
B398,233.8577,17.253,-187.7581
B399,235.3489,6.944,-186.5552
B400,236.5036,-3.759,-185.1812
B401,237.3497,-14.457,-183.5655
B402,237.886,-25.136,-181.7102
B403,238.1118,-35.782,-179.6177
B404,237.8843,-46.06,-177.5659
B405,237.3671,-56.282,-175.2979
B406,236.5608,-66.435,-172.8163
C379,235.4664,-76.507,-170.1243
C380,230.4315,-85.299,-172.8163
C381,225.1159,-93.987,-175.2979
C382,219.5261,-102.561,-177.5659
C383,213.669,-111.009,-179.6177
C384,207.2286,-119.49,-181.7102
C385,200.5177,-127.814,-183.5655
C386,193.5452,-135.972,-185.1812
C387,186.32,-143.952,-186.5552
C388,179.0543,-151.415,-187.7581
C389,171.5705,-158.694,-188.7322
C390,163.8777,-165.78,-189.4763
C391,155.9852,-172.663,-189.9897
C392,146.3467,-180.395,-190.4739
C393,136.4603,-187.821,-190.6355
C394,126.3425,-194.929,-190.4739
C395,116.0107,-201.706,-189.9897
C396,107.0251,-207.085,-189.4763
C397,97.9091,-212.212,-188.7322
C398,88.6738,-217.08,-187.7581
C399,79.3305,-221.684,-186.5552
C400,69.5083,-226.09,-185.1812
C401,59.5954,-230.2,-183.5655
C402,49.6047,-234.01,-181.7102
C403,39.5493,-237.515,-179.6177
C404,29.7042,-240.474,-177.5659
C405,19.8229,-243.141,-175.2979
C406,9.9175,-245.512,-172.8163
D379,0,-247.584,-170.1243
D380,-9.9175,-245.512,-172.8163
D381,-19.8229,-243.141,-175.2979
D382,-29.7042,-240.474,-177.5659
D383,-39.5493,-237.515,-179.6177
D384,-49.6047,-234.01,-181.7102
D385,-59.5954,-230.2,-183.5655
D386,-69.5083,-226.09,-185.1812
D387,-79.3305,-221.684,-186.5552
D388,-88.6738,-217.08,-187.7581
D389,-97.9091,-212.212,-188.7322
D390,-107.0251,-207.085,-189.4763
D391,-116.0107,-201.706,-189.9897
D392,-126.3425,-194.929,-190.4739
D393,-136.4603,-187.821,-190.6355
D394,-146.3467,-180.395,-190.4739
D395,-155.9852,-172.663,-189.9897
D396,-163.8777,-165.78,-189.4763
D397,-171.5705,-158.694,-188.7322
D398,-179.0543,-151.415,-187.7581
D399,-186.32,-143.952,-186.5552
D400,-193.5452,-135.972,-185.1812
D401,-200.5177,-127.814,-183.5655
D402,-207.2286,-119.49,-181.7102
D403,-213.669,-111.009,-179.6177
D404,-219.5261,-102.561,-177.5659
D405,-225.1159,-93.987,-175.2979
D406,-230.4315,-85.299,-172.8163
E379,-235.4664,-76.507,-170.1243
E380,-236.5608,-66.435,-172.8163
E381,-237.3671,-56.282,-175.2979
E382,-237.8843,-46.06,-177.5659
E383,-238.1118,-35.782,-179.6177
E384,-237.886,-25.136,-181.7102
E385,-237.3497,-14.457,-183.5655
E386,-236.5036,-3.759,-185.1812
E387,-235.3489,6.944,-186.5552
E388,-233.8577,17.253,-187.7581
E389,-232.0817,27.54,-188.7322
E390,-230.0228,37.794,-189.4763
E391,-227.6838,48.002,-189.9897
E392,-224.4307,59.923,-190.4739
E393,-220.7973,71.742,-190.6355
E394,-216.7898,83.439,-190.4739
E395,-212.4149,94.995,-189.9897
E396,-208.3071,104.629,-189.4763
E397,-203.9455,114.134,-188.7322
E398,-199.3354,123.501,-187.7581
E399,-194.4825,132.718,-186.5552
E400,-189.1257,142.055,-185.1812
E401,-183.5221,151.207,-183.5655
E402,-177.679,160.162,-181.7102
E403,-171.604,168.908,-179.6177
E404,-165.3788,177.089,-177.5659
E405,-158.9522,185.055,-175.2979
E406,-152.332,192.795,-172.8163
A379,-145.5263,200.3,-170.1243
A407,-120.8735,216.939,-169.0189
A408,-111.2083,220.416,-171.1434
A409,-101.4685,223.561,-173.1041
A410,-91.1861,226.457,-175.0499
A411,-80.7616,229.069,-176.7629
A432,-74.2966,236.499,-169.6718
A412,-70.2549,231.386,-178.2278
A433,-64.1622,238.536,-170.9512
A413,-60.0838,233.313,-179.4304
A434,-53.9506,240.285,-172.0251
A414,-49.7705,234.913,-180.4967
A435,-43.5818,241.724,-172.9469
A415,-39.3734,236.235,-181.3369
A436,-33.1597,242.866,-173.6572
A416,-28.9515,237.275,-181.942
A437,-22.789,243.683,-174.1821
A417,-18.5626,237.974,-182.3842
A438,-12.391,244.208,-174.4976
A418,-6.2003,238.369,-182.7081
A439,0,244.416,-174.6462
A419,6.2003,238.369,-182.7081
A440,12.391,244.208,-174.4976
A420,18.5626,237.974,-182.3842
A441,22.789,243.683,-174.1821
A421,28.9515,237.275,-181.942
A442,33.1597,242.866,-173.6572
A422,39.3734,236.235,-181.3369
A443,43.5818,241.724,-172.9469
A423,49.7705,234.913,-180.4967
A444,53.9506,240.285,-172.0251
A424,60.0838,233.313,-179.4304
A445,64.1622,238.536,-170.9512
A425,70.2549,231.386,-178.2278
A446,74.2966,236.499,-169.6718
A426,80.7616,229.069,-176.7629
A427,91.1861,226.457,-175.0499
A428,101.4685,223.561,-173.1041
A429,111.2083,220.416,-171.1434
A430,120.8735,216.939,-169.0189
B407,168.969,181.996,-169.0189
B408,175.262,173.878,-171.1434
B409,181.2632,165.587,-173.1041
B410,187.1954,156.703,-175.0499
B411,192.9009,147.595,-176.7629
B432,201.9648,143.743,-169.6718
B412,198.3508,138.319,-178.2278
B433,207.0333,134.734,-170.9512
B413,203.3267,129.241,-179.4304
B434,211.8529,125.563,-172.0251
B414,208.0354,119.927,-180.4967
B435,216.425,116.146,-172.9469
B415,212.5055,110.447,-181.3369
B436,220.7322,106.587,-173.6572
B416,216.7148,100.857,-181.942
B437,224.7142,96.976,-174.1821
B417,220.5905,91.193,-182.3842
B438,228.4259,87.249,-174.4976
B418,224.7858,79.557,-182.7081
B439,232.4528,75.529,-174.6462
B419,228.6178,67.763,-182.7081
B440,236.084,63.68,-174.4976
B420,232.0628,55.884,-182.3842
B441,238.7986,53.629,-174.1821
B421,234.6078,45.788,-181.942
B442,241.226,43.513,-173.6572
B422,236.8396,35.555,-181.3369
B443,243.36,33.248,-172.9469
B423,238.7952,25.258,-180.4967
B444,245.1963,22.942,-172.0251
B424,240.4605,14.955,-179.4304
B445,246.6877,12.69,-170.9512
B425,241.7707,4.686,-178.2278
B446,247.8826,2.422,-169.6718
B426,242.8143,-6.022,-176.7629
B427,243.5515,-16.744,-175.0499
B428,243.9742,-27.418,-173.1041
B429,243.9925,-37.653,-171.1434
B430,243.6729,-47.919,-169.0189
C407,225.302,-104.459,-169.0189
C408,219.5261,-112.953,-171.1434
C409,213.4953,-121.222,-173.1041
C410,206.8792,-129.609,-175.0499
C411,199.9809,-137.85,-176.7629
C432,199.1177,-147.661,-169.6718
C412,192.8425,-145.9,-178.2278
C433,192.1158,-155.265,-170.9512
C413,185.7466,-153.437,-179.4304
C434,184.8829,-162.683,-172.0251
C414,178.3434,-160.794,-180.4967
C435,177.3398,-169.941,-172.9469
C415,170.709,-167.974,-181.3369
C436,169.5797,-176.991,-173.6572
C416,162.8886,-174.941,-181.942
C437,161.67,-183.748,-174.1821
C417,154.8951,-181.614,-182.3842
C438,153.566,-190.284,-174.4976
C418,145.1256,-189.199,-182.7081
C439,143.6637,-197.736,-174.6462
C419,135.0933,-196.488,-182.7081
C440,133.5169,-204.851,-174.4976
C420,124.8601,-203.435,-182.3842
C441,124.7966,-210.538,-174.1821
C421,116.0441,-208.976,-181.942
C442,115.9262,-215.973,-173.6572
C422,107.0016,-214.261,-181.3369
C443,106.823,-221.175,-172.9469
C423,97.813,-219.302,-180.4967
C444,97.589,-226.106,-172.0251
C424,88.5289,-224.07,-179.4304
C445,88.2992,-230.692,-170.9512
C425,79.1676,-228.489,-178.2278
C446,78.9032,-235.002,-169.6718
C426,69.3059,-232.791,-176.7629
C427,59.337,-236.805,-175.0499
C428,49.3159,-240.506,-173.1041
C429,39.5874,-243.686,-171.1434
C430,29.7247,-246.554,-169.0189
D407,-29.7247,-246.554,-169.0189
D408,-39.5874,-243.686,-171.1434
D409,-49.3159,-240.506,-173.1041
D410,-59.337,-236.805,-175.0499
D411,-69.3059,-232.791,-176.7629
D432,-78.9032,-235.002,-169.6718
D412,-79.1676,-228.489,-178.2278
D433,-88.2992,-230.692,-170.9512
D413,-88.5289,-224.07,-179.4304
D434,-97.589,-226.106,-172.0251
D414,-97.813,-219.302,-180.4967
D435,-106.823,-221.175,-172.9469
D415,-107.0016,-214.261,-181.3369
D436,-115.9262,-215.973,-173.6572
D416,-116.0441,-208.976,-181.942
D437,-124.7966,-210.538,-174.1821
D417,-124.8601,-203.435,-182.3842
D438,-133.5169,-204.851,-174.4976
D418,-135.0933,-196.488,-182.7081
D439,-143.6637,-197.736,-174.6462
D419,-145.1256,-189.199,-182.7081
D440,-153.566,-190.284,-174.4976
D420,-154.895,-181.614,-182.3842
D441,-161.67,-183.748,-174.1821
D421,-162.8886,-174.941,-181.942
D442,-169.5797,-176.991,-173.6572
D422,-170.709,-167.974,-181.3369
D443,-177.3398,-169.941,-172.9469
D423,-178.3434,-160.794,-180.4967
D444,-184.8829,-162.683,-172.0251
D424,-185.7466,-153.437,-179.4304
D445,-192.1158,-155.265,-170.9512
D425,-192.8425,-145.9,-178.2278
D446,-199.1177,-147.661,-169.6718
D426,-199.9809,-137.85,-176.7629
D427,-206.8792,-129.609,-175.0499
D428,-213.4953,-121.222,-173.1041
D429,-219.5261,-112.953,-171.1434
D430,-225.302,-104.459,-169.0189
E407,-243.6729,-47.919,-169.0189
E408,-243.9925,-37.653,-171.1434
E409,-243.9742,-27.418,-173.1041
E410,-243.5515,-16.744,-175.0499
E432,-247.8826,2.422,-169.6718
E411,-242.8143,-6.022,-176.7629
E433,-246.6877,12.69,-170.9512
E412,-241.7707,4.686,-178.2278
E434,-245.1963,22.942,-172.0251
E413,-240.4605,14.955,-179.4304
E435,-243.36,33.248,-172.9469
E414,-238.7952,25.258,-180.4967
E436,-241.226,43.513,-173.6572
E415,-236.8396,35.555,-181.3369
E437,-238.7986,53.629,-174.1821
E416,-234.6078,45.788,-181.942
E438,-236.084,63.68,-174.4976
E417,-232.0628,55.884,-182.3842
E439,-232.4528,75.529,-174.6462
E418,-228.6178,67.763,-182.7081
E440,-228.4259,87.249,-174.4976
E419,-224.7858,79.557,-182.7081
E441,-224.7142,96.976,-174.1821
E420,-220.5905,91.193,-182.3842
E442,-220.7322,106.587,-173.6572
E421,-216.7148,100.857,-181.942
E443,-216.425,116.146,-172.9469
E422,-212.5055,110.447,-181.3369
E444,-211.8529,125.563,-172.0251
E423,-208.0354,119.927,-180.4967
E445,-207.0333,134.734,-170.9512
E424,-203.3267,129.241,-179.4304
E446,-201.9648,143.743,-169.6718
E425,-198.3508,138.319,-178.2278
E426,-192.9009,147.595,-176.7629
E427,-187.1954,156.703,-175.0499
E428,-181.2632,165.587,-173.1041
E429,-175.262,173.878,-171.1434
E430,-168.969,181.996,-169.0189
