X坐标（米）,Y坐标（米）,Z坐标（米）
-0.0000,0.0000,-300.0165,
6.0998,8.3960,-299.8272,
9.8732,-3.2079,-299.9311,
-0.0000,-10.3796,-299.8916,
-9.8680,-3.2062,-299.7739,
-6.0981,8.3936,-299.7410,
-0.0000,16.7905,-299.4379,
12.1914,16.7806,-299.2633,
15.9779,5.1917,-299.6230,
19.7402,-6.4136,-299.4780,
9.8773,-13.5944,-299.6961,
-0.0000,-20.7500,-299.3928,
-9.8717,-13.5868,-299.5267,
-19.7197,-6.4070,-299.1672,
-15.9657,5.1877,-299.3950,
-12.1853,16.7722,-299.1144,
-6.0961,25.1872,-298.6974,
6.0974,25.1926,-298.7613,
18.2664,25.1416,-298.3279,
22.0878,13.5915,-298.9359,
25.8680,1.9885,-299.0478,
29.5877,-9.6128,-298.6514,
19.7646,-16.8167,-299.1280,
9.8852,-23.9904,-299.0817,
-0.0000,-31.0963,-298.5175,
-9.8793,-23.9762,-298.9045,
-19.7427,-16.7980,-298.7954,
-29.5434,-9.5984,-298.2042,
-25.8367,1.9861,-298.6866,
-22.0678,13.5793,-298.6662,
-18.2553,25.1264,-298.1470,
-12.1628,33.5373,-297.6197,
-0.0000,33.5706,-297.9130,
12.1668,33.5484,-297.7179,
24.3172,33.4704,-297.0258,
28.1611,21.9504,-297.8766,
31.9617,10.3855,-298.2390,
35.7113,-1.2053,-298.0994,
39.4020,-12.8025,-297.4476,
29.6084,-20.0206,-298.1845,
19.7639,-27.2027,-298.3974,
9.8880,-34.3347,-298.0888,
-0.0000,-41.4034,-297.2654,
-9.8820,-34.3139,-297.9085,
-19.7410,-27.1712,-298.0525,
-29.5612,-19.9887,-297.7094,
-39.3286,-12.7787,-296.8936,
-35.6547,-1.2034,-297.6273,
-31.9213,10.3724,-297.8624,
-28.1351,21.9301,-297.6013,
-24.3028,33.4506,-296.8495,
-18.2527,41.9574,-296.1970,
-6.0947,42.0158,-296.7135,
6.0954,42.0209,-296.7490,
18.2586,41.9711,-296.2938,
30.3364,41.7549,-295.3637,
34.2899,30.3492,-296.4316,
38.1177,18.8010,-297.0401,
41.9044,7.1977,-297.1524,
45.6295,-4.4022,-296.7561,
49.1686,-15.9752,-295.8648,
39.5144,-23.2653,-296.8446,
29.6874,-30.4707,-297.3200,
19.8025,-37.6441,-297.2697,
9.9115,-44.7479,-296.6988,
-0.0000,-51.6593,-295.6377,
-9.9055,-44.7209,-296.5200,
-19.7793,-37.6000,-296.9214,
-29.6384,-30.4205,-296.8298,
-39.4365,-23.2194,-296.2587,
-49.0657,-15.9418,-295.2455,
-45.5451,-4.3940,-296.2067,
-41.8399,7.1866,-296.6951,
-38.0726,18.7788,-296.6890,
-34.2622,30.3247,-296.1924,
-30.3231,41.7365,-295.2336,
-24.2643,50.2345,-294.4732,
-12.1807,50.4122,-295.1845,
-0.0000,50.4565,-295.4423,
12.1822,50.4185,-295.2211,
24.2689,50.2439,-294.5284,
36.3173,49.9866,-293.3496,
40.3006,38.6222,-294.6403,
44.2230,27.1891,-295.4669,
48.0486,15.6128,-295.8242,
51.7960,4.0005,-295.6828,
55.3817,-7.5674,-295.0476,
58.8735,-19.1289,-293.9032,
49.2681,-26.4378,-295.1371,
39.5756,-33.7005,-295.8553,
29.7199,-40.9055,-296.0654,
19.8153,-48.0356,-295.7546,
9.9126,-54.9908,-294.9452,
-0.0000,-61.8473,-293.6385,
-9.9068,-54.9587,-294.7728,
-19.7924,-47.9800,-295.4126,
-29.6707,-40.8377,-295.5750,
-39.4955,-33.6323,-295.2564,
-49.1595,-26.3795,-294.4864,
-58.7468,-19.0877,-293.2705,
-55.2727,-7.5525,-294.4673,
-51.7086,3.9937,-295.1836,
-47.9843,15.5919,-295.4283,
-44.1812,27.1634,-295.1880,
-40.2791,38.6016,-294.4830,
-36.3125,49.9800,-293.3111,
-30.2521,58.4897,-292.4408,
-18.1763,58.6999,-293.3535,
-6.0941,58.8067,-293.8164,
6.0941,58.8072,-293.8189,
18.1762,58.6997,-293.3523,
30.2489,58.4836,-292.4103,
42.2536,58.1580,-290.9927,
46.2863,46.8547,-292.4922,
50.2428,35.4497,-293.5440,
54.1028,23.9940,-294.1289,
57.8937,12.3949,-294.2336,
61.5467,0.8545,-293.8453,
65.0896,-10.7161,-292.9564,
68.5024,-22.2578,-291.5655,
58.9752,-29.5973,-293.0451,
49.3194,-36.8890,-294.0187,
39.5851,-44.0924,-294.4800,
29.6973,-51.2641,-294.4287,
19.8329,-58.2747,-293.8709,
9.9172,-65.1827,-292.8139,
-0.0000,-71.9551,-291.2731,
-9.9117,-65.1467,-292.6523,
-19.8109,-58.2099,-293.5443,
-29.6493,-51.1812,-293.9527,
-39.5053,-44.0036,-293.8868,
-49.2088,-36.8063,-293.3594,
-58.8423,-29.5305,-292.3844,
-68.3649,-22.2132,-290.9800,
-64.9660,-10.6958,-292.4003,
-61.4437,0.8531,-293.3535,
-57.8152,12.3781,-293.8346,
-54.0504,23.9708,-293.8445,
-50.2157,35.4306,-293.3862,
-46.2821,46.8504,-292.4656,
-42.2683,58.1782,-291.0936,
-36.1938,66.6776,-290.1209,
-24.1549,66.9307,-291.2227,
-12.0852,67.0830,-291.8857,
-0.0000,67.1323,-292.0988,
12.0839,67.0755,-291.8531,
24.1482,66.9120,-291.1412,
36.1736,66.6403,-289.9587,
48.1403,66.2597,-288.3038,
52.2085,55.0053,-290.0070,
56.1994,43.6633,-291.2708,
60.1045,32.2453,-292.0790,
63.9154,20.7681,-292.4165,
67.6230,9.2488,-292.2710,
71.2188,-2.2926,-291.6328,
74.6944,-13.8357,-290.4955,
78.0418,-25.3574,-288.8565,
68.5818,-32.7198,-290.5813,
58.9996,-40.0293,-291.8030,
49.3137,-47.2689,-292.5167,
39.5430,-54.4263,-292.7206,
29.7071,-61.4855,-292.4178,
19.8254,-68.4367,-291.6143,
9.9171,-75.2684,-290.3202,
-0.0000,-81.9704,-288.5487,
-9.9121,-75.2304,-290.1737,
-19.8049,-68.3659,-291.3123,
-29.6615,-61.3912,-291.9691,
-39.4661,-54.3205,-292.1519,
-49.2050,-47.1647,-291.8716,
-58.8657,-39.9384,-291.1406,
-68.4384,-32.6514,-289.9735,
-77.9146,-25.3160,-288.3855,
-74.5738,-13.8134,-290.0264,
-71.1146,-2.2892,-291.2059,
-67.5420,9.2377,-291.9209,
-63.8617,20.7506,-292.1708,
-60.0795,32.2319,-291.9577,
-56.2022,43.6655,-291.2856,
-52.2363,55.0346,-290.1613,
-48.1886,66.3262,-288.5930,
-42.3097,75.2372,-287.3910,
-30.2779,75.5301,-288.6827,
-18.1893,75.7256,-289.5453,
-6.1010,75.8199,-289.9641,
6.1002,75.8108,-289.9292,
18.1822,75.6962,-289.4331,
30.2555,75.4745,-288.4700,
42.2581,75.1454,-287.0404,
53.9725,74.2871,-285.2935,
58.4107,63.4136,-287.0499,
62.4430,52.1086,-288.5272,
66.4014,40.7014,-289.5590,
70.2627,29.2484,-290.1259,
74.0583,17.6425,-290.2155,
77.7121,6.1072,-289.8151,
81.2554,-5.4599,-288.9178,
84.6677,-16.9973,-287.5225,
87.4791,-28.4230,-285.7830,
78.5105,-36.0255,-287.6037,
68.9856,-43.3672,-289.0814,
59.3298,-50.6599,-290.0547,
49.5958,-57.8627,-290.5169,
39.6987,-65.0374,-290.4679,
29.8326,-72.0451,-289.9131,
19.9122,-78.9495,-288.8605,
9.9916,-85.7171,-287.3250,
-0.0000,-91.8817,-285.4744,
-9.9872,-85.6791,-287.1975,
-19.8937,-78.8760,-288.5917,
-29.7906,-71.9437,-289.5052,
-39.6268,-64.9195,-289.9414,
-49.4920,-57.7415,-289.9086,
-59.1998,-50.5488,-289.4189,
-68.8434,-43.2778,-288.4852,
-78.3799,-35.9656,-287.1252,
-87.3921,-28.3947,-285.4986,
-84.5784,-16.9794,-287.2192,
-81.1742,-5.4545,-288.6291,
-77.6494,6.1023,-289.5812,
-74.0212,17.6337,-290.0704,
-70.2558,29.2455,-290.0975,
-66.4257,40.7163,-289.6651,
-62.4973,52.1539,-288.7785,
-58.4918,63.5016,-287.4481,
-54.0721,74.4242,-285.8201,
-48.1722,83.3246,-284.5095,
-36.3769,84.0624,-285.8418,
-24.3011,84.3102,-286.8921,
-12.1992,84.4324,-287.5153,
-0.0000,84.4823,-287.6852,
12.1945,84.3995,-287.4032,
24.2809,84.2402,-286.6537,
36.3270,83.9466,-285.4482,
48.0741,83.1550,-283.9303,
59.7466,82.2346,-281.9736,
64.2218,71.4104,-283.9000,
68.6064,60.4852,-285.4261,
72.6167,49.1266,-286.6680,
76.5154,37.6868,-287.4628,
80.3733,26.1153,-287.7804,
84.0990,14.4942,-287.6181,
87.7119,2.9428,-286.9559,
91.1769,-8.6190,-285.8053,
94.0673,-20.0518,-284.3147,
96.8022,-31.4526,-282.3533,
87.9115,-39.0788,-284.3894,
78.8718,-46.6444,-285.9579,
69.2859,-53.9784,-287.1829,
59.5783,-61.2194,-287.9080,
49.7312,-68.4488,-288.1148,
39.7998,-75.5551,-287.8159,
29.9080,-82.5240,-287.0081,
19.9719,-89.3502,-285.7176,
9.9904,-95.5895,-284.1083,
-0.0000,-101.6779,-282.0606,
-9.9867,-95.5543,-284.0036,
-19.9561,-89.2793,-285.4907,
-29.8712,-82.4224,-286.6549,
-39.7354,-75.4329,-287.3501,
-49.6366,-68.3187,-287.5670,
-59.4578,-61.0957,-287.3259,
-69.1522,-53.8743,-286.6287,
-78.7469,-46.5706,-285.5050,
-87.8251,-39.0404,-284.1100,
-96.7943,-31.4501,-282.3303,
-94.0438,-20.0468,-284.2436,
-91.1532,-8.6167,-285.7309,
-87.6979,2.9424,-286.9098,
-84.1051,14.4953,-287.6391,
-80.4076,26.1264,-287.9031,
-76.5818,37.7195,-287.7122,
-72.7163,49.1940,-287.0611,
-68.7374,60.6007,-285.9711,
-64.3763,71.5821,-284.5827,
-59.9187,82.4714,-282.7857,
-54.0054,91.3810,-281.3627,
-42.2117,92.1574,-282.8521,
-30.3971,92.7923,-283.9519,
-18.2917,92.9665,-284.7657,
-6.1056,93.0993,-285.1250,
6.1040,93.0746,-285.0492,
18.2767,92.8902,-284.5317,
30.3530,92.6576,-283.5395,
42.1201,91.9574,-282.2383,
53.8414,91.1034,-280.5079,
65.4598,90.0979,-278.3558,
69.9885,79.3382,-280.4355,
74.4137,68.4502,-282.1350,
78.7134,57.4791,-283.4329,
82.6686,46.0724,-284.4404,
86.6079,34.5572,-284.9690,
90.4005,22.9553,-285.0358,
94.0234,11.3268,-284.6303,
97.5623,-0.2347,-283.7143,
100.5520,-11.6515,-282.4616,
103.3703,-23.0729,-280.7467,
106.0006,-34.4414,-278.5777,
97.2134,-42.1024,-280.8131,
88.2400,-49.7007,-282.6000,
79.1256,-57.1976,-283.9226,
69.4752,-64.4893,-284.9009,
59.7092,-71.7860,-285.3527,
49.8146,-78.9580,-285.3089,
39.8467,-85.9648,-284.7743,
29.9265,-92.8636,-283.7268,
19.9837,-99.1935,-282.3554,
9.9919,-105.3652,-280.5454,
-0.0000,-111.3518,-278.3181,
-9.9891,-105.3357,-280.4667,
-19.9710,-99.1305,-282.1760,
-29.8962,-92.7698,-283.4403,
-39.7924,-85.8476,-284.3860,
-49.7333,-78.8292,-284.8433,
-59.6041,-71.6597,-284.8507,
-69.3575,-64.3800,-284.4180,
-79.0156,-57.1181,-283.5280,
-88.1654,-49.6586,-282.3609,
-97.2121,-42.1018,-280.8091,
-106.1201,-34.4802,-278.8917,
-103.4574,-23.0924,-280.9832,
-100.6249,-11.6599,-282.6665,
-97.6368,-0.2349,-283.9310,
-94.1087,11.3371,-284.8885,
-90.5084,22.9827,-285.3762,
-86.7454,34.6120,-285.4216,
-82.8391,46.1674,-285.0269,
-78.9180,57.6286,-284.1698,
-74.6453,68.6632,-283.0130,
-70.2421,79.6257,-281.4518,
-65.7288,90.4681,-279.4995,
-59.7886,99.3703,-277.9738,
-48.0233,100.1918,-279.6076,
-36.2160,100.8771,-280.8619,
-24.3765,101.4221,-281.7276,
-12.1917,101.6191,-282.2736,
-0.0000,101.6622,-282.3932,
12.1833,101.5490,-282.0790,
24.3417,101.2774,-281.3256,
36.1354,100.6529,-280.2375,
47.8724,99.8769,-278.7288,
59.5361,98.9505,-276.7994,
71.1100,97.8746,-274.4517,
75.6781,87.1637,-276.6835,
80.1410,76.3423,-278.5408,
84.4907,65.4172,-280.0087,
88.7184,54.3985,-281.0727,
92.7244,42.9265,-281.8086,
96.5827,31.3818,-282.0921,
100.2837,19.7821,-281.9122,
103.8181,8.1450,-281.2603,
106.8948,-3.2632,-280.2431,
109.7986,-14.6672,-278.7712,
112.5237,-26.0488,-276.8449,
115.0652,-37.3870,-274.4679,
106.3666,-45.0740,-276.9018,
97.4928,-52.6940,-278.8920,
88.4564,-60.2306,-280.4285,
79.2723,-67.6693,-281.5039,
69.5754,-75.0258,-282.2018,
59.7582,-82.2496,-282.4076,
49.8399,-89.3294,-282.1232,
39.8405,-96.2523,-281.3550,
29.9267,-102.6649,-280.2266,
19.9715,-108.9132,-278.6587,
9.9910,-114.9910,-276.6648,
-0.0000,-120.8949,-274.2595,
-9.9892,-114.9700,-276.6145,
-19.9625,-108.8640,-278.5329,
-29.9040,-102.5869,-280.0140,
-39.7986,-96.1511,-281.0590,
-49.7756,-89.2141,-281.7592,
-59.6740,-82.1337,-282.0098,
-69.4811,-74.9241,-281.8193,
-79.1863,-67.5959,-281.1986,
-88.4044,-60.1952,-280.2637,
-97.5106,-52.7036,-278.9429,
-106.4998,-45.1304,-277.2485,
-115.3691,-37.4857,-275.1929,
-112.7749,-26.1070,-277.4630,
-110.0182,-14.6965,-279.3289,
-107.1017,-3.2695,-280.7855,
-104.0283,8.1614,-281.8298,
-100.5070,19.8262,-282.5400,
-96.8295,31.4619,-282.8128,
-93.0011,43.0546,-282.6495,
-89.0279,54.5883,-282.0531,
-84.8282,65.6785,-281.1272,
-80.5033,76.6874,-279.8000,
-76.0597,87.6032,-278.0786,
-71.5035,98.4162,-275.9705,
-65.5867,107.4095,-274.3025,
-53.8152,108.2710,-276.0820,
-41.9804,109.0011,-277.4900,
-30.1327,109.5941,-278.5122,
-18.3211,109.9447,-279.1765,
-6.1140,110.0510,-279.4871,
6.1115,110.0047,-279.3695,
18.2976,109.8036,-278.8184,
30.0670,109.3554,-277.9055,
41.8472,108.6552,-276.6094,
53.5834,107.8046,-274.8927,
65.2185,106.8065,-272.7627,
76.6960,105.5631,-270.2725,
81.3772,94.9762,-272.6017,
85.8834,84.1896,-274.6166,
90.2882,73.2808,-276.2519,
94.5690,62.2946,-277.4874,
98.6086,51.2467,-278.3498,
102.5386,39.7311,-278.8444,
106.3233,28.1324,-278.8828,
109.9398,16.5075,-278.4554,
113.1827,5.1927,-277.6325,
116.1783,-6.2183,-276.3960,
119.0043,-17.6351,-274.7038,
121.6440,-29.0000,-272.5644,
123.9881,-40.2854,-270.0363,
115.4775,-48.0462,-272.6102,
106.6814,-55.7021,-274.8043,
97.7010,-63.2934,-276.5540,
88.5823,-70.7809,-277.8439,
79.3126,-78.0463,-278.7094,
69.5519,-85.3402,-279.1635,
59.6630,-92.5070,-279.1280,
49.6998,-99.5113,-278.6069,
39.9212,-106.0597,-277.6875,
29.9834,-112.3989,-276.3617,
19.9945,-118.5841,-274.5997,
10.0038,-124.5870,-272.4223,
-0.0000,-130.3017,-269.8970,
-10.0031,-124.5780,-272.4028,
-19.9896,-118.5551,-274.5324,
-29.9693,-112.3458,-276.2313,
-39.8932,-105.9853,-277.4928,
-49.6558,-99.4231,-278.3602,
-59.6045,-92.4162,-278.8541,
-69.4875,-85.2611,-278.9049,
-79.2594,-77.9939,-278.5223,
-88.5643,-70.7665,-277.7873,
-97.7515,-63.3262,-276.6969,
-106.8443,-55.7871,-275.2241,
-115.8064,-48.1830,-273.3865,
-124.5424,-40.4655,-271.2435,
-122.1249,-29.1146,-273.6422,
-119.4324,-17.6986,-275.6920,
-116.5754,-6.2386,-277.3407,
-113.5681,5.2104,-278.5781,
-110.3275,16.5657,-279.4373,
-106.7243,28.2385,-279.9345,
-102.9629,39.8955,-279.9981,
-99.0621,51.4824,-279.6299,
-95.0508,62.6119,-278.9011,
-90.7952,73.6923,-277.8032,
-86.4119,84.7077,-276.3065,
-81.9209,95.6108,-274.4232,
-77.2447,106.3184,-272.2064,
-71.2948,115.3096,-270.4383,
-59.5852,116.2924,-272.3152,
-47.7503,117.0735,-273.8658,
-35.8801,117.6965,-275.0477,
-24.0654,118.1068,-275.8669,
-12.2366,118.3550,-276.3070,
0.0000,118.3851,-276.3771,
12.2243,118.2360,-276.0291,
24.0169,117.8687,-275.3107,
35.7688,117.3314,-274.1944,
47.5446,116.5693,-272.6864,
59.2481,115.6344,-270.7742,
70.7833,114.4824,-268.4982,
82.2170,113.1629,-265.8291,
86.9387,102.6179,-268.2926,
91.5417,91.9573,-270.4086,
95.9984,81.0940,-272.1969,
100.3190,70.1246,-273.6060,
104.4214,59.1204,-274.6371,
108.3718,48.0310,-275.2695,
112.2390,36.4691,-275.5151,
115.9242,24.8465,-275.3127,
119.2581,13.5521,-274.7055,
122.4056,2.2356,-273.6678,
125.3344,-9.1791,-272.2065,
128.0615,-20.5799,-270.3070,
130.5156,-31.8845,-268.0131,
132.7632,-43.1370,-265.2959,
124.3464,-50.9261,-268.0470,
115.7339,-58.6396,-270.3850,
106.8431,-66.2737,-272.3332,
97.7767,-73.8021,-273.8415,
88.5846,-81.1245,-274.9176,
79.2485,-88.3148,-275.5493,
69.4282,-95.5591,-275.7563,
59.4905,-102.6377,-275.4888,
49.7596,-109.2728,-274.8060,
39.9543,-115.7341,-273.6922,
29.9955,-122.0182,-272.1666,
19.9945,-128.1147,-270.2261,
10.0043,-133.9364,-267.9253,
-0.0000,-139.5674,-265.2437,
-10.0048,-133.9427,-267.9379,
-19.9942,-128.1125,-270.2214,
-29.9910,-121.9998,-272.1255,
-39.9421,-115.6989,-273.6089,
-49.7381,-109.2257,-274.6877,
-59.4619,-102.5884,-275.3564,
-69.3999,-95.5202,-275.6439,
-79.2361,-88.3009,-275.5059,
-88.6102,-81.1480,-274.9972,
-97.8723,-73.8742,-274.1091,
-107.0499,-66.4020,-272.8604,
-116.1034,-58.8268,-271.2481,
-124.9363,-51.1677,-269.3187,
-133.6419,-43.4225,-267.0519,
-131.2953,-32.0750,-269.6142,
-128.7673,-20.6933,-271.7967,
-125.9876,-9.2269,-273.6253,
-123.0280,2.2469,-275.0593,
-119.8670,13.6213,-276.1081,
-116.5350,24.9774,-276.7633,
-112.8627,36.6717,-277.0461,
-109.0171,48.3170,-276.9086,
-105.0906,59.4993,-276.3973,
-101.0132,70.6099,-275.4992,
-96.7141,81.6986,-274.2261,
-92.2737,92.6926,-272.5709,
-87.6781,103.4906,-270.5744,
-82.9547,114.1782,-268.2141,
-76.9794,123.1888,-266.3388,
-65.2535,124.2108,-268.3487,
-53.5051,125.0588,-270.0141,
-41.6194,125.7311,-271.3432,
-29.8088,126.2215,-272.3022,
-17.9610,126.5280,-272.9000,
-6.1280,126.6487,-273.1276,
6.1245,126.5750,-272.9686,
17.9300,126.3101,-272.4299,
29.7218,125.8530,-271.5072,
41.4445,125.2027,-270.2028,
53.2044,124.3559,-268.4965,
64.7851,123.3191,-266.4223,
76.2928,122.0899,-263.9631,
87.6737,120.6734,-261.1320,
92.4503,110.1826,-263.7126,
97.0970,99.5518,-265.9673,
101.5919,88.8224,-267.8750,
105.9679,77.8861,-269.4410,
110.1483,66.9389,-270.6231,
114.1653,55.8782,-271.4272,
117.9970,44.7531,-271.8396,
121.7692,33.1528,-271.8457,
125.2107,21.8997,-271.4374,
128.4537,10.5887,-270.6147,
131.4789,-0.7234,-269.3776,
134.3133,-12.1360,-267.7064,
136.8965,-23.4374,-265.6346,
139.2580,-34.7227,-263.1474,
141.3856,-45.9387,-260.2606,
133.0827,-53.7662,-263.1685,
124.5529,-61.5166,-265.6883,
115.8355,-69.1515,-267.7986,
106.8463,-76.7326,-269.5086,
97.7566,-84.1201,-270.7785,
88.4857,-91.3759,-271.6225,
79.0821,-98.4624,-272.0350,
69.1998,-105.6280,-272.0094,
59.5447,-112.3616,-271.5515,
49.7751,-118.9196,-270.6715,
39.9412,-125.2695,-269.3822,
29.9587,-131.4740,-267.6741,
20.0099,-137.4163,-265.5923,
10.0085,-143.1622,-263.1303,
-0.0000,-148.6901,-260.3117,
-10.0102,-143.1872,-263.1762,
-20.0144,-137.4474,-265.6523,
-29.9646,-131.5000,-267.7271,
-39.9465,-125.2862,-269.4181,
-49.7791,-118.9292,-270.6932,
-59.5497,-112.3709,-271.5742,
-69.2129,-105.6479,-272.0608,
-79.1178,-98.5068,-272.1576,
-88.5646,-91.4574,-271.8649,
-97.9087,-84.2510,-271.1998,
-107.1102,-76.9221,-270.1742,
-116.2608,-69.4054,-268.7820,
-125.1958,-61.8342,-267.0598,
-134.0098,-54.1408,-265.0018,
-142.6705,-46.3562,-262.6259,
-140.4166,-35.0116,-265.3368,
-137.9546,-23.6185,-267.6877,
-135.2959,-12.2247,-269.6649,
-132.4086,-0.7286,-271.2822,
-129.3514,10.6627,-272.5060,
-126.0939,22.0542,-273.3523,
-122.6522,33.3932,-273.8170,
-118.8906,45.0921,-273.8982,
-115.0758,56.3239,-273.5920,
-111.0787,67.5044,-272.9090,
-106.9175,78.5840,-271.8554,
-102.5570,89.6662,-270.4198,
-98.0708,100.5503,-268.6348,
-93.4239,111.3430,-266.4899,
-88.6365,121.9986,-263.9998,
-82.6222,131.0139,-262.0280,
-70.9045,132.0794,-264.1589,
-59.1456,132.9772,-265.9537,
-47.3519,133.7028,-267.4056,
-35.5310,134.2538,-268.5071,
-23.6918,134.6261,-269.2518,
-11.8443,134.8172,-269.6332,
0.0000,134.8233,-269.6465,
11.8291,134.6438,-269.2864,
23.6300,134.2752,-268.5501,
35.3891,133.7177,-267.4349,
47.0924,132.9700,-265.9400,
58.7257,132.0331,-264.0655,
70.2751,130.9068,-261.8137,
81.7264,129.5935,-259.1873,
93.0667,128.0956,-256.1907,
97.8845,117.6397,-258.8924,
102.5702,107.0653,-261.2701,
107.1166,96.3765,-263.3114,
111.5162,85.5756,-265.0050,
115.7604,74.6710,-266.3383,
119.8407,63.6693,-267.3004,
123.7483,52.5815,-267.8802,
127.4742,41.4196,-268.0685,
131.0097,30.1959,-267.8573,
134.3468,18.9273,-267.2402,
137.4778,7.6295,-266.2131,
140.3961,-3.6806,-264.7742,
143.0965,-14.9858,-262.9238,
145.5744,-26.2668,-260.6649,
147.8268,-37.5074,-258.0024,
149.8523,-48.6900,-254.9439,
141.6453,-56.5472,-258.0105,
133.2260,-64.3225,-260.6929,
124.6023,-72.0010,-262.9792,
115.7838,-79.5691,-264.8590,
106.7820,-87.0147,-266.3236,
97.6100,-94.3238,-267.3668,
88.2828,-101.4823,-267.9858,
78.8158,-108.4799,-268.1789,
69.2256,-115.3057,-267.9482,
59.5291,-121.9489,-267.2985,
49.7428,-128.4029,-266.2364,
39.8832,-134.6604,-264.7713,
29.9655,-140.7178,-262.9137,
20.0041,-146.5723,-260.6758,
10.0119,-152.2221,-258.0712,
-0.0000,-157.6681,-255.1134,
-10.0149,-152.2691,-258.1508,
-20.0138,-146.6435,-260.8023,
-29.9826,-140.7981,-263.0637,
-39.9074,-134.7421,-264.9318,
-49.7745,-128.4847,-266.4061,
-59.5712,-122.0352,-267.4877,
-69.2853,-115.4051,-268.1793,
-78.9060,-108.6040,-268.4857,
-88.4234,-101.6439,-268.4125,
-97.8291,-94.5355,-267.9669,
-107.1163,-87.2871,-267.1575,
-116.2796,-79.9098,-265.9930,
-125.3146,-72.4127,-264.4825,
-134.2190,-64.8020,-262.6360,
-142.9916,-57.0847,-260.4629,
-151.6322,-49.2683,-257.9720,
-149.4503,-37.9193,-260.8359,
-147.0689,-26.5365,-263.3410,
-144.4888,-15.1317,-265.4821,
-141.7115,-3.7151,-267.2548,
-138.7391,7.6995,-268.6555,
-135.5742,19.1002,-269.6819,
-132.2203,30.4750,-270.3325,
-128.6813,41.8118,-270.6069,
-124.9614,53.0970,-270.5062,
-121.0655,64.3200,-270.0322,
-116.9989,75.4698,-269.1877,
-112.7667,86.5352,-267.9768,
-108.3746,97.5083,-266.4036,
-103.8281,108.3782,-264.4741,
-99.1326,119.1396,-262.1934,
-94.2936,129.7843,-259.5681,
-89.3162,140.3075,-256.6043,
-77.5621,141.4186,-258.8853,
-65.7401,142.3714,-260.8369,
-53.9136,143.1535,-262.4447,
-41.9137,143.7779,-263.7173,
-30.0409,144.2152,-264.6221,
-18.1288,144.4763,-265.1694,
-6.2462,144.5573,-265.3509,
6.2414,144.4449,-265.1447,
18.0876,144.1482,-264.5673,
29.9262,143.6647,-263.6121,
41.6857,142.9956,-262.2825,
53.5256,142.1230,-260.5556,
65.1434,141.0792,-258.4696,
76.6992,139.8453,-256.0051,
88.1230,138.4330,-253.1762,
98.3975,135.4331,-251.0132,
104.2834,126.4155,-252.8298,
109.0228,115.8661,-255.3573,
113.6412,105.1795,-257.5583,
118.1058,94.4084,-259.4127,
122.4791,83.4002,-260.9271,
126.6346,72.4271,-262.0593,
130.6340,61.3383,-262.8176,
134.4471,50.1992,-263.1895,
138.2589,38.4101,-263.1569,
141.6842,27.1513,-262.7160,
144.9155,15.8286,-261.8685,
147.9317,4.5146,-260.6147,
150.7620,-6.9439,-258.9330,
153.3433,-18.2448,-256.8600,
155.7068,-29.5410,-254.3792,
157.8416,-40.7603,-251.5069,
158.1614,-51.3895,-249.3593,
151.6504,-59.7981,-251.4987,
143.3316,-67.6213,-254.3754,
134.7866,-75.3745,-256.8697,
126.0634,-83.0062,-258.9593,
117.0449,-90.6180,-260.6565,
107.9566,-98.0023,-261.9188,
98.6836,-105.2633,-262.7625,
89.2858,-112.3514,-263.1823,
79.2580,-119.6282,-263.1696,
69.6079,-126.3657,-262.7285,
59.8355,-132.9333,-261.8730,
50.0060,-139.2951,-260.6133,
39.9847,-145.5319,-258.9381,
30.0376,-151.4958,-256.8942,
20.0275,-157.2718,-254.4726,
10.0171,-162.8345,-251.6963,
-0.0000,-166.5012,-249.6605,
-10.0219,-162.9122,-251.8163,
-20.0437,-157.3996,-254.6794,
-30.0690,-151.6540,-257.1626,
-40.0332,-145.7083,-259.2520,
-50.0740,-139.4846,-260.9679,
-59.9270,-133.1365,-262.2734,
-69.7306,-126.5886,-263.1919,
-79.4249,-119.8802,-263.7238,
-89.5203,-112.6465,-263.8736,
-99.0106,-105.6121,-263.6331,
-108.4125,-98.4161,-263.0249,
-117.6747,-91.1055,-262.0590,
-126.9244,-83.5732,-260.7280,
-135.9401,-76.0195,-259.0679,
-144.8506,-68.3380,-257.0713,
-153.6143,-60.5725,-254.7556,
-160.5314,-52.1596,-253.0959,
-160.1421,-41.3544,-255.1726,
-157.8411,-29.9459,-257.8659,
-155.3398,-18.4823,-260.2044,
-152.6486,-7.0308,-262.1733,
-149.7337,4.5695,-263.7892,
-146.6568,16.0188,-265.0151,
-143.3850,27.4772,-265.8697,
-139.9360,38.8760,-266.3488,
-136.1128,50.8212,-266.4503,
-132.2981,62.1197,-266.1655,
-128.3017,73.3806,-265.5093,
-124.1503,84.5382,-264.4874,
-119.7782,95.7452,-263.0861,
-115.3094,106.7235,-261.3390,
-110.6781,117.6253,-259.2345,
-105.9153,128.3937,-256.7863,
-99.9297,137.5420,-254.9220,
-94.9044,148.0752,-251.8228,
-84.2050,150.7053,-253.3083,
-72.3541,151.7142,-255.4047,
-60.4716,152.5310,-257.1776,
-48.4458,153.2244,-258.6022,
-36.4004,153.7154,-259.6844,
-24.4617,154.0539,-260.3865,
-12.5210,154.1879,-260.7421,
0.0000,154.1670,-260.7076,
12.4989,153.9157,-260.2819,
24.3766,153.5180,-259.4806,
36.2091,152.9076,-258.3197,
48.0997,152.1297,-256.7546,
59.9179,151.1343,-254.8228,
71.5364,149.9996,-252.5183,
83.0585,148.6533,-249.8593,
93.4185,145.7568,-247.8801,
103.6682,142.6872,-245.6074,
109.5828,133.6786,-247.4921,
115.3647,124.5560,-249.1114,
120.0440,113.9057,-251.4551,
124.5600,103.1412,-253.4764,
129.0069,92.1751,-255.1460,
133.2708,81.1018,-256.4653,
137.3541,70.0541,-257.3871,
141.2409,58.9161,-257.9462,
145.1547,47.1644,-258.0994,
148.8326,35.3401,-257.8358,
152.1628,24.0394,-257.1584,
155.2631,12.7036,-256.0934,
158.2040,1.2553,-254.5927,
160.8987,-10.1957,-252.6959,
163.3781,-21.5006,-250.3949,
165.6095,-32.7722,-247.7136,
166.0671,-43.4325,-245.7735,
166.3128,-54.0374,-243.5197,
159.8661,-62.4677,-245.7517,
153.2222,-70.8181,-247.6777,
144.7915,-78.6246,-250.3570,
136.1444,-86.3127,-252.6611,
127.2367,-93.9932,-254.5613,
118.1285,-101.5260,-256.0610,
108.9540,-108.8686,-257.1149,
99.6091,-116.0412,-257.7669,
89.6702,-123.4197,-257.9834,
79.5780,-130.5875,-257.7577,
69.8683,-137.2566,-257.1028,
60.0523,-143.7174,-256.0571,
50.0788,-150.0664,-254.5825,
40.0281,-156.1937,-252.7275,
30.0500,-162.0886,-250.4923,
20.0228,-167.7627,-247.9079,
10.0229,-171.5723,-246.0783,
-0.0000,-175.1901,-243.9642,
-10.0291,-171.6794,-246.2319,
-20.0459,-167.9565,-248.1943,
-30.0965,-162.3393,-250.8796,
-40.1024,-156.4838,-253.1969,
-50.1858,-150.3871,-255.1266,
-60.1977,-144.0651,-256.6768,
-70.0605,-137.6342,-257.8100,
-79.8300,-131.0012,-258.5742,
-90.0065,-123.8826,-258.9508,
-100.0588,-116.5651,-258.9306,
-109.5487,-109.4628,-258.5182,
-118.9120,-102.1993,-257.7592,
-128.2659,-94.7535,-256.6204,
-137.4824,-87.1610,-255.1442,
-146.5084,-79.5569,-253.3258,
-155.3969,-71.8232,-251.1930,
-162.4534,-63.4787,-249.7291,
-169.3738,-55.0320,-248.0017,
-169.0453,-44.2114,-250.1811,
-168.5234,-33.3489,-252.0722,
-166.1167,-21.8611,-254.5922,
-163.4895,-10.3599,-256.7648,
-160.6766,1.2749,-258.5719,
-157.6421,12.8982,-260.0173,
-154.4740,24.4046,-261.0644,
-151.0940,35.8771,-261.7534,
-147.3832,47.8885,-262.0618,
-143.4476,59.8366,-261.9764,
-139.5500,71.1740,-261.5020,
-135.4578,82.4327,-260.6741,
-131.1864,93.7324,-259.4565,
-126.7266,104.9352,-257.8852,
-122.1928,115.9446,-255.9562,
-117.4847,126.8450,-253.6893,
-111.5868,136.1233,-252.0181,
-105.5493,145.2764,-250.0642,
-100.4880,155.8418,-246.8190,
-89.7405,158.5043,-248.3866,
-78.9645,160.9736,-249.6864,
-67.0311,161.8465,-251.6096,
-54.9857,162.6296,-253.1689,
-42.8914,163.1881,-254.4074,
-30.8160,163.5138,-255.3155,
-18.8258,163.7238,-255.8289,
-6.2816,163.8204,-255.9457,
6.2754,163.6587,-255.6930,
18.7699,163.2376,-255.0692,
30.6647,162.7109,-254.0618,
42.5935,162.0547,-252.6403,
54.4860,161.1515,-250.8678,
66.2700,160.0090,-248.7531,
77.8777,158.7582,-246.2500,
88.3149,155.9862,-244.4406,
98.6670,153.0176,-242.3460,
108.8812,149.8626,-239.9793,
114.8355,140.8736,-241.9179,
120.6499,131.7461,-243.6113,
126.3002,122.5218,-245.0430,
130.8831,111.7760,-247.2119,
135.4183,100.8670,-249.0135,
139.7620,89.8159,-250.4921,
143.8820,78.6847,-251.6321,
147.8585,67.5689,-252.3572,
151.8922,55.8736,-252.6711,
155.6779,44.0647,-252.5949,
159.1876,32.2161,-252.1227,
162.3914,20.8811,-251.2280,
165.4619,9.4647,-249.8875,
168.2714,-1.9983,-248.1698,
170.8036,-13.4345,-246.0838,
173.1544,-24.7357,-243.5786,
173.7671,-35.4072,-241.8311,
174.1534,-46.0594,-239.7785,
174.3072,-56.6351,-237.4371,
167.9414,-65.0915,-239.7430,
161.3507,-73.4726,-241.7679,
154.5699,-81.7370,-243.4930,
146.0226,-89.4904,-245.9871,
137.2503,-97.2483,-248.0629,
128.2374,-104.8622,-249.7686,
119.0383,-112.2820,-251.0900,
109.7759,-119.5499,-251.9530,
99.9580,-127.0419,-252.3736,
89.9368,-134.3254,-252.3761,
79.7801,-141.3518,-251.9643,
70.0099,-147.9256,-251.1174,
60.1170,-154.4006,-249.8261,
50.0971,-160.6518,-248.1679,
40.0159,-166.6464,-246.1599,
30.0045,-172.4495,-243.7572,
20.0461,-176.4163,-242.1232,
10.0290,-180.1856,-240.2089,
0.0000,-183.7378,-238.0341,
-10.0368,-180.3255,-240.3953,
-20.0753,-176.6731,-242.4757,
-30.0664,-172.8055,-244.2604,
-40.1172,-167.0685,-246.7833,
-50.2454,-161.1273,-248.9024,
-60.3197,-154.9211,-250.6683,
-70.2763,-148.4885,-252.0729,
-80.1243,-141.9617,-253.0514,
-90.3846,-134.9943,-253.6328,
-100.5380,-127.7790,-253.8379,
-110.5242,-120.3649,-253.6704,
-119.9934,-113.1828,-253.1045,
-129.4560,-105.8587,-252.1420,
-138.7942,-98.3422,-250.8534,
-147.9605,-90.6780,-249.2515,
-156.9809,-83.0120,-247.2912,
-164.1834,-74.7625,-246.0125,
-171.2562,-66.3763,-244.4749,
-178.1652,-57.8886,-242.6925,
-177.9171,-47.0548,-244.9605,
-177.4527,-36.1582,-246.9603,
-176.7794,-25.2535,-248.6781,
-174.2418,-13.7049,-251.0373,
-171.5572,-2.0373,-253.0159,
-168.6190,9.6453,-254.6555,
-165.4417,21.2734,-255.9470,
-162.1595,32.8175,-256.8296,
-158.5931,44.8899,-257.3251,
-154.7626,56.9295,-257.4461,
-150.6917,68.8636,-257.1927,
-146.6910,80.2208,-256.5446,
-142.5531,91.6096,-255.4947,
-138.1861,102.9286,-254.1032,
-133.6191,114.1125,-252.3796,
-129.0010,125.1418,-250.2828,
-123.2165,134.5488,-248.7937,
-117.2607,143.8487,-247.0269,
-111.1571,152.9951,-244.9954,
-106.0426,163.5842,-241.6147,
-95.2746,166.2806,-243.2542,
-84.4582,168.7904,-244.6317,
-73.5983,171.1110,-245.7444,
-61.5087,171.9600,-247.4475,
-49.4014,172.5892,-248.8304,
-37.2837,172.9946,-249.8889,
-25.1636,173.1737,-250.6189,
-12.5741,173.3630,-250.8924,
0.0000,173.3004,-250.8018,
12.5466,172.9842,-250.3441,
25.0530,172.4125,-249.5172,
37.0380,171.8545,-248.2421,
48.9631,171.0581,-246.6229,
60.8160,170.0233,-244.6607,
72.5838,168.7522,-242.3568,
83.1064,166.0888,-240.7162,
93.5293,163.2344,-238.7979,
103.8432,160.1913,-236.6034,
114.0395,156.9625,-234.1346,
120.0245,147.9703,-236.1372,
125.8631,138.8647,-237.8914,
131.5504,129.6458,-239.3920,
137.0805,120.3169,-240.6328,
141.6891,109.4383,-242.5728,
146.1016,98.4474,-244.1933,
150.3095,87.3507,-245.4851,
154.3049,76.1549,-246.4396,
158.4412,64.4928,-246.9175,
162.3283,52.7440,-247.0134,
165.9571,40.9214,-246.7210,
169.3193,29.0407,-246.0353,
172.5035,17.6368,-244.8568,
175.4274,6.2092,-243.3099,
178.0862,-5.2284,-241.3956,
180.4765,-16.6582,-239.1168,
181.2332,-27.3509,-237.5605,
181.7635,-38.0109,-235.7072,
182.0676,-48.6253,-233.5600,
182.1465,-59.1823,-231.1232,
175.8403,-67.6634,-233.5111,
169.3277,-76.0568,-235.6174,
162.6117,-84.3534,-237.4352,
155.6968,-92.5426,-238.9583,
147.0369,-100.3699,-241.2132,
138.1568,-108.0436,-243.1029,
129.0669,-115.5511,-244.6204,
119.7787,-122.8799,-245.7605,
110.0609,-130.4766,-246.3890,
100.1586,-137.8562,-246.6051,
90.0887,-145.0066,-246.4109,
79.8685,-151.9186,-245.8100,
70.0371,-158.5130,-244.7069,
60.0976,-164.8752,-243.2409,
50.0641,-171.0026,-241.4201,
39.9501,-176.8927,-239.2544,
30.0241,-181.0117,-237.8194,
20.0513,-184.9260,-236.1073,
10.0407,-188.6374,-234.1248,
0.0000,-192.1467,-231.8797,
-10.0500,-188.8132,-234.3429,
-20.0867,-185.2520,-236.5236,
-30.0997,-181.4678,-238.4186,
-40.0792,-177.4640,-240.0272,
-50.2550,-171.6548,-242.3409,
-60.3601,-165.5953,-244.3032,
-70.3822,-159.2941,-245.9127,
-80.3103,-152.7590,-247.1697,
-90.6556,-145.9190,-247.9614,
-100.8787,-138.8473,-248.3781,
-110.9700,-131.5543,-248.4242,
-120.9212,-124.0520,-248.1047,
-130.4932,-116.8281,-247.3238,
-139.9271,-109.4281,-246.2179,
-149.2194,-101.8598,-244.7936,
-158.3676,-94.1301,-243.0574,
-165.7150,-85.9632,-241.9664,
-172.9220,-77.6713,-240.6189,
-179.9878,-69.2594,-239.0189,
-186.9123,-60.7308,-237.1704,
-186.7263,-49.8695,-239.5363,
-186.3314,-38.9662,-241.6308,
-185.7274,-28.0291,-243.4515,
-184.9142,-17.0678,-244.9965,
-182.3338,-5.3531,-247.1533,
-179.5097,6.3537,-248.9719,
-176.4437,18.0396,-250.4497,
-173.1383,29.6957,-251.5847,
-169.6910,41.8420,-252.2720,
-165.9913,53.9342,-252.5874,
-162.0435,65.9591,-252.5315,
-157.8524,77.9057,-252.1054,
-153.8246,89.3934,-251.2259,
-149.5808,100.7919,-250.0085,
-145.1256,112.0926,-248.4561,
-140.4640,123.2867,-246.5723,
-134.7779,132.8266,-245.2654,
-128.9285,142.2468,-243.6853,
-122.9204,151.5406,-241.8348,
-116.7579,160.7042,-239.7158,
-111.6610,171.4031,-236.1378,
-100.8288,174.1321,-237.8601,
-89.9280,176.6794,-239.3247,
-79.0094,179.0385,-240.5193,
-68.1103,181.1146,-241.4883,
-55.9363,181.8110,-243.0218,
-43.7235,182.2915,-244.2340,
-31.5381,182.5479,-245.1171,
-18.9763,182.9490,-245.4720,
-6.3306,182.9780,-245.5419,
6.3230,182.7575,-245.2460,
18.9076,182.2868,-244.5835,
31.3474,181.4442,-243.6351,
43.3526,180.7453,-242.1623,
55.3199,179.8075,-240.3438,
67.1794,178.6392,-238.1877,
77.7453,176.1739,-236.6711,
88.2721,173.4260,-234.9178,
98.7186,170.4877,-232.8819,
109.0318,167.3673,-230.5776,
119.1465,163.9915,-228.0771,
125.2095,155.0768,-230.0752,
131.0830,145.9539,-231.9009,
136.8171,136.7016,-233.4787,
142.3874,127.3628,-234.7931,
147.6975,117.9452,-235.8899,
152.1908,106.9666,-237.6557,
156.4973,95.8566,-239.1001,
160.5859,84.6753,-240.2089,
164.9049,73.1515,-240.7620,
168.9016,61.4139,-241.0261,
172.6566,49.5694,-240.9068,
176.1421,37.6917,-240.3993,
179.2249,25.8211,-239.5909,
182.2685,14.3835,-238.2069,
185.0579,2.9038,-236.4545,
187.5775,-8.5479,-234.3425,
188.5441,-19.1907,-232.9262,
189.2225,-29.8870,-231.2599,
189.6807,-40.5680,-229.2937,
189.9117,-51.1793,-227.0431,
189.8341,-61.6801,-224.5882,
183.6742,-70.2026,-226.9812,
177.2107,-78.6307,-229.1775,
170.5299,-86.9807,-231.0949,
163.6675,-95.2107,-232.7156,
156.6073,-103.2260,-234.0871,
147.8249,-110.9853,-236.1614,
138.8092,-118.6043,-237.8734,
129.6128,-126.0336,-239.2099,
120.1237,-133.7775,-239.9522,
110.3041,-141.2765,-240.3791,
100.2843,-148.5736,-240.3979,
90.1318,-155.6218,-240.0109,
79.8480,-162.2864,-239.3148,
69.9532,-168.7808,-238.0355,
59.9326,-175.0593,-236.3960,
49.8490,-181.0914,-234.4111,
40.0461,-185.4054,-233.1270,
30.0936,-189.4818,-231.6087,
20.0767,-193.3679,-229.8102,
10.0427,-197.0435,-227.7503,
0.0000,-200.4210,-225.5091,
-10.0536,-197.2586,-227.9989,
-20.1185,-193.7704,-230.2887,
-30.1837,-190.0492,-232.3023,
-40.2004,-186.1198,-234.0252,
-50.0819,-181.9374,-235.5061,
-60.2549,-176.0008,-237.6674,
-70.3784,-169.8067,-239.4823,
-80.3913,-163.3907,-240.9432,
-90.8254,-156.8193,-241.8578,
-101.1554,-149.8641,-242.4860,
-111.3889,-142.6659,-242.7433,
-121.4656,-135.2719,-242.6327,
-131.2564,-127.6317,-242.2432,
-140.8182,-120.3208,-241.3161,
-150.2679,-112.8195,-240.0643,
-159.5588,-105.1714,-238.4989,
-167.0678,-97.1888,-237.5504,
-174.4343,-88.9721,-236.3860,
-181.6824,-80.6149,-234.9606,
-188.7771,-72.1530,-233.2873,
-195.6223,-63.5608,-231.4360,
-195.5922,-52.7102,-233.8342,
-195.2567,-41.7606,-236.0342,
-194.7103,-30.7537,-237.9669,
-193.9615,-19.7421,-239.6188,
-192.9325,-8.7919,-241.0325,
-190.2083,2.9846,-243.0353,
-187.2385,14.7757,-244.7023,
-184.0374,26.5144,-246.0243,
-180.8513,38.6993,-246.8264,
-177.2645,50.8923,-247.3362,
-173.4208,63.0571,-247.4752,
-169.3441,75.1207,-247.2432,
-164.9376,86.9699,-246.7183,
-160.7974,98.4904,-245.6699,
-156.4339,109.9489,-244.2816,
-151.8752,121.2814,-242.5622,
-146.3917,130.9445,-241.3960,
-140.6350,140.5164,-239.9941,
-134.7081,149.9903,-238.3142,
-128.6344,159.3188,-236.3687,
-122.3575,168.4111,-234.2239,
-117.2022,179.1501,-230.5054,
-106.3916,181.9766,-232.2491,
-95.4340,184.5650,-233.7912,
-84.4343,186.9467,-235.0807,
-73.4837,189.0699,-236.1275,
-62.5026,190.9857,-236.9222,
-50.2289,191.5444,-238.2792,
-37.9543,191.8572,-239.3263,
-25.3317,192.3500,-239.8237,
-12.7193,192.5738,-239.9846,
0.0000,192.4591,-239.8422,
12.6858,192.0665,-239.3524,
25.1986,191.3387,-238.5628,
37.6537,190.3373,-237.4304,
49.6960,189.5121,-235.7511,
61.6653,188.4269,-233.7479,
72.3189,186.0727,-232.3843,
82.8831,183.5120,-230.7616,
93.4311,180.6914,-228.8845,
103.8708,177.6648,-226.7462,
114.1001,174.4084,-224.4044,
124.2058,170.9549,-221.8097,
130.3013,162.0230,-223.8685,
136.2377,152.9774,-225.6970,
142.0107,143.7188,-227.3402,
147.6130,134.3475,-228.7405,
152.9681,124.9321,-229.9058,
158.1443,115.4123,-230.8231,
162.5396,104.3248,-232.4056,
166.7083,93.1326,-233.6780,
171.1280,81.6336,-234.3731,
175.2885,70.0358,-234.7236,
179.1638,58.2146,-234.7643,
182.7579,46.3168,-234.4423,
185.9761,34.4610,-233.8050,
188.9043,22.5590,-232.8061,
191.8247,11.0814,-231.2088,
194.4607,-0.4113,-229.2693,
195.5734,-11.0678,-228.0247,
196.4501,-21.7104,-226.5049,
197.0654,-32.4198,-224.7181,
197.4396,-43.0937,-222.6558,
197.5242,-53.6404,-220.3804,
197.3736,-64.1306,-217.8412,
191.2654,-72.6802,-220.3061,
184.9447,-81.1361,-222.5147,
178.3246,-89.5216,-224.5154,
171.4944,-97.7936,-226.2437,
164.4985,-105.8526,-227.7070,
157.3061,-113.7801,-228.8934,
148.4005,-121.4905,-230.7801,
139.2759,-129.0150,-232.3202,
129.8906,-136.8635,-233.2448,
120.2965,-144.4926,-233.7942,
110.3746,-151.9171,-234.0123,
100.2703,-159.0957,-233.8482,
90.0703,-165.9050,-233.3560,
79.7228,-172.4579,-232.4966,
69.7628,-178.8760,-231.0337,
59.6918,-185.0454,-229.2390,
49.9342,-189.5176,-228.1401,
40.1069,-193.7768,-226.7780,
30.1225,-197.8312,-225.1654,
20.0850,-201.6707,-223.2959,
10.0614,-205.2227,-221.2325,
0.0000,-208.5662,-218.9284,
-10.0740,-205.4801,-221.5099,
-20.1332,-202.1556,-223.8327,
-30.2272,-198.5189,-225.9480,
-40.2869,-194.6464,-227.7958,
-50.2065,-190.5510,-229.3840,
-60.0743,-186.2310,-230.7079,
-70.2692,-180.1745,-232.7108,
-80.3700,-173.8580,-234.3841,
-90.8932,-167.4208,-235.4880,
-101.2980,-160.7264,-236.2451,
-111.6430,-153.6629,-236.7014,
-121.8479,-146.3562,-236.8094,
-131.7690,-138.8428,-236.6179,
-141.5377,-131.1102,-236.0930,
-151.1198,-123.7167,-235.0090,
-160.5562,-116.1310,-233.6227,
-168.2136,-108.2432,-232.8497,
-175.7302,-100.2091,-231.8318,
-183.1426,-91.9403,-230.5815,
-190.4083,-83.5330,-229.0882,
-197.4286,-75.0222,-227.4052,
-204.3027,-66.3820,-225.4888,
-204.3356,-55.4902,-227.9800,
-204.1453,-44.5573,-230.2179,
-203.6701,-33.5064,-232.2497,
-202.9679,-22.4307,-234.0199,
-202.0149,-11.4323,-235.5350,
-200.8395,-0.4248,-236.7899,
-197.9843,11.4372,-238.6331,
-194.8651,23.2708,-240.1522,
-191.8021,35.5405,-241.1294,
-188.4632,47.7627,-241.7611,
-184.7506,60.0299,-242.0848,
-180.7640,72.2236,-242.0558,
-176.4897,84.1913,-241.7164,
-171.9557,96.0641,-241.0334,
-167.7144,107.6463,-239.8048,
-163.2369,119.1288,-238.2560,
-157.8606,128.9279,-237.2591,
-152.2997,138.6129,-236.0029,
-146.4794,148.2412,-234.4940,
-140.4799,157.7408,-232.7247,
-134.3049,167.0013,-230.7471,
-127.9616,176.1243,-228.5169,
-122.7595,186.9280,-224.6422,
-111.8684,189.7865,-226.4676,
-100.9531,192.4215,-228.0537,
-89.8784,194.8431,-229.4268,
-78.8827,197.0297,-230.5390,
-67.8316,198.9908,-231.4169,
-56.7779,200.7228,-232.0514,
-44.4184,201.1128,-233.2476,
-31.7421,201.7213,-233.8679,
-19.0423,202.0342,-234.1748,
-6.3938,202.0496,-234.1638,
6.3847,201.7606,-233.8289,
18.9612,201.1735,-233.1772,
31.5160,200.2845,-232.2022,
43.9732,199.0967,-230.9094,
56.0418,198.1206,-229.0432,
66.7767,195.8960,-227.8178,
77.4472,193.4441,-226.3436,
87.9999,190.7706,-224.6315,
98.5594,187.8589,-222.6463,
108.8955,184.7429,-220.4492,
119.1332,181.4061,-218.0062,
129.2213,177.8587,-215.3336,
135.3595,168.9200,-217.4391,
141.3322,159.8431,-219.3351,
147.1162,150.6692,-221.0062,
152.7616,141.2771,-222.4784,
158.1722,131.8744,-223.6973,
163.3979,122.3402,-224.6893,
168.4158,112.7210,-225.4423,
172.6794,101.5325,-226.8573,
177.2153,90.0718,-227.6704,
181.4828,78.4766,-228.1667,
185.4530,66.8138,-228.3384,
189.1736,54.9160,-228.1784,
192.5439,43.0943,-227.6869,
195.6131,31.1834,-226.8586,
198.3591,19.2592,-225.6965,
201.1307,7.7465,-223.9100,
202.4026,-2.9072,-222.8191,
203.4283,-13.5801,-221.4663,
204.1976,-24.2162,-219.8624,
204.7319,-34.9347,-217.9733,
204.9945,-45.5100,-215.8615,
205.0086,-56.0601,-213.4945,
204.7701,-66.5332,-210.8903,
198.7268,-75.1166,-213.4085,
192.4469,-83.6099,-215.6965,
185.9620,-91.9745,-217.7347,
179.1812,-100.2910,-219.5534,
172.2651,-108.3997,-221.0890,
165.1247,-116.3822,-222.3724,
157.7985,-124.1996,-223.3910,
148.7680,-131.8287,-225.1093,
139.5112,-139.7913,-226.1873,
130.0024,-147.5398,-226.9208,
120.3037,-155.0242,-227.3043,
110.2780,-162.3449,-227.3386,
100.1918,-169.3090,-227.0249,
89.9094,-176.0197,-226.3665,
79.4977,-182.4368,-225.3718,
69.4699,-188.7573,-223.7495,
59.7807,-193.3961,-222.8208,
49.9861,-197.8217,-221.6385,
40.1340,-202.0107,-220.2164,
30.1165,-206.0273,-218.5255,
20.1354,-209.7658,-216.6275,
10.0815,-213.2915,-214.4941,
0.0000,-216.5873,-212.1434,
-10.0958,-213.5942,-214.7984,
-20.1905,-210.3392,-217.2196,
-30.2358,-206.8430,-219.3906,
-40.3399,-203.0470,-221.3461,
-50.2984,-199.0577,-223.0232,
-60.2199,-194.8172,-224.4581,
-70.0570,-190.3526,-225.6405,
-80.2497,-184.1625,-227.5036,
-90.8644,-177.8895,-228.7711,
-101.3802,-171.3172,-229.7177,
-111.7339,-164.4882,-230.3399,
-122.0719,-157.3026,-230.6451,
-132.1264,-149.9503,-230.6282,
-142.0464,-142.3316,-230.2976,
-151.7749,-134.4932,-229.6592,
-161.3619,-127.0043,-228.4355,
-169.1727,-119.2353,-227.8238,
-176.8523,-111.2863,-226.9763,
-184.3629,-103.1914,-225.9027,
-191.8065,-94.8652,-224.5778,
-199.0086,-86.4606,-223.0509,
-206.0718,-77.8930,-221.2962,
-212.9622,-69.1950,-219.3273,
-213.0768,-58.2663,-221.8967,
-212.9457,-47.2753,-224.2342,
-212.5757,-36.2731,-226.3245,
-211.9407,-25.1344,-228.1995,
-211.0841,-14.0912,-229.8010,
-209.9807,-3.0160,-231.1617,
-208.6414,8.0358,-232.2713,
-205.6306,19.9652,-233.9701,
-202.7206,32.3165,-235.1014,
-199.4977,44.6507,-235.9100,
-195.9821,56.8924,-236.3907,
-192.1190,69.2154,-236.5459,
-188.0093,81.2988,-236.3721,
-183.5994,93.3166,-235.8721,
-178.9152,105.1991,-235.0497,
-174.5524,116.8283,-233.6568,
-169.3073,126.7648,-232.8154,
-163.8473,136.6059,-231.7234,
-158.1940,146.3011,-230.3900,
-152.2949,155.9730,-228.7859,
-146.2476,165.4023,-226.9634,
-140.0000,174.7111,-224.8936,
-133.5761,183.8526,-222.5905,
-128.3100,194.7139,-218.5694,
-117.3648,197.6067,-220.4659,
-106.3758,200.2820,-222.1277,
-95.3472,202.7376,-223.5538,
-84.2839,204.9715,-224.7434,
-73.1907,206.9825,-225.6948,
-62.0733,208.7688,-226.4069,
-50.9373,210.3286,-226.8786,
-38.1802,211.0284,-227.6340,
-25.4319,211.4388,-228.0759,
-12.7019,211.5565,-228.2033,
0.0000,211.3811,-228.0141,
12.6632,210.9113,-227.5074,
25.2765,210.1465,-226.6820,
37.8287,209.0856,-225.5384,
50.3081,207.7301,-224.0757,
61.1367,205.6187,-222.9907,
71.8833,203.2850,-221.6631,
82.5400,200.7304,-220.0931,
93.0987,197.9564,-218.2817,
103.5516,194.9645,-216.2302,
113.8908,191.7573,-213.9398,
124.1084,188.3379,-211.4122,
134.1976,184.7073,-208.6501,
140.3710,175.7372,-210.8167,
146.3713,166.6552,-212.7676,
152.1952,157.4605,-214.5001,
157.8381,148.1558,-216.0100,
163.2957,138.7427,-217.2940,
168.5634,129.2226,-218.3489,
173.6358,119.6000,-219.1706,
178.5075,109.8782,-219.7559,
183.1445,98.4296,-220.6966,
187.5104,86.8754,-221.3242,
191.5973,75.2255,-221.6335,
195.3975,63.4887,-221.6200,
198.9035,51.6781,-221.2798,
202.1087,39.8045,-220.6102,
205.0069,27.8817,-219.6092,
207.5929,15.9230,-218.2761,
209.0123,5.2586,-217.3397,
210.1862,-5.4085,-216.1489,
211.1129,-16.0676,-214.7041,
211.7915,-26.7081,-213.0069,
212.2215,-37.3214,-211.0590,
212.4035,-47.8961,-208.8633,
212.3387,-58.4220,-206.4232,
212.0287,-68.8914,-203.7421,
206.0287,-77.5082,-206.3260,
199.8113,-86.0216,-208.6759,
193.3779,-94.4244,-210.7865,
186.7312,-102.7082,-212.6529,
179.8743,-110.8646,-214.2704,
172.8115,-118.8851,-215.6350,
165.5485,-126.7596,-216.7436,
158.0908,-134.4801,-217.5934,
148.9376,-142.5498,-218.8327,
139.5549,-150.3963,-219.7309,
129.9553,-158.0073,-220.2867,
120.1515,-165.3737,-220.4990,
110.1574,-172.4860,-220.3691,
99.9874,-179.3364,-219.8993,
89.6558,-185.9188,-219.0932,
79.1768,-192.2287,-217.9551,
69.5442,-197.0295,-217.1989,
59.8193,-201.6109,-216.1931,
50.0112,-205.9723,-214.9413,
40.1285,-210.1131,-213.4484,
30.1790,-214.0342,-211.7185,
20.1703,-217.7362,-209.7571,
10.1088,-221.2206,-207.5690,
0.0000,-224.4897,-205.1590,
-10.1248,-221.5715,-207.8982,
-20.2321,-218.4035,-210.3999,
-30.3135,-214.9876,-212.6616,
-40.3603,-211.3266,-214.6812,
-50.3638,-207.4243,-216.4567,
-60.3158,-203.2841,-217.9873,
-70.2081,-198.9104,-219.2723,
-80.0330,-194.3074,-220.3120,
-90.7435,-188.1743,-221.7512,
-101.3379,-181.7587,-222.8695,
-111.8065,-175.0683,-223.6682,
-122.1403,-168.1111,-224.1489,
-132.3311,-160.8960,-224.3140,
-142.3716,-153.4319,-224.1659,
-152.2560,-145.7258,-223.7083,
-161.9785,-137.7872,-222.9443,
-169.9427,-130.1242,-222.4967,
-177.7646,-122.2926,-221.8155,
-185.4424,-114.2964,-220.9033,
-192.9735,-106.1417,-219.7618,
-200.3565,-97.8321,-218.3934,
-207.5906,-89.3707,-216.8004,
-214.6748,-80.7609,-214.9847,
-221.6091,-72.0043,-212.9481,
-221.7876,-61.0218,-215.6089,
-221.7271,-49.9985,-218.0316,
-221.4274,-38.9404,-220.2146,
-220.8883,-27.8553,-222.1559,
-220.1098,-16.7524,-223.8542,
-219.0926,-5.6377,-225.3079,
-217.8371,5.4806,-226.5161,
-216.3443,16.5942,-227.4779,
-213.5616,29.0452,-228.7732,
-210.4774,41.4527,-229.7450,
-207.0947,53.8063,-230.3926,
-203.4168,66.0943,-230.7155,
-199.4468,78.3074,-230.7136,
-195.1889,90.4329,-230.3874,
-190.6471,102.4618,-229.7375,
-185.8258,114.3829,-228.7653,
-180.6959,124.4631,-228.0822,
-175.3594,134.4325,-227.1521,
-169.8198,144.2858,-225.9756,
-164.0812,154.0159,-224.5541,
-158.1470,163.6182,-222.8885,
-152.0208,173.0876,-220.9798,
-145.7066,182.4171,-218.8301,
-139.2078,191.6034,-216.4401,
-134.2009,202.8517,-211.9723,
-123.1512,205.7815,-213.9587,
-112.0365,208.4973,-215.7143,
-100.9111,210.9929,-217.2256,
-89.6259,213.2771,-218.5222,
-78.4416,215.3305,-219.5529,
-67.2098,217.1611,-220.3472,
-55.9869,218.7675,-220.8955,
-44.9820,219.8039,-221.4068,
-32.1312,220.3128,-221.9962,
-19.2688,220.5353,-222.2698,
-6.4629,220.4668,-222.2263,
6.4523,220.1022,-221.8588,
19.1739,219.4490,-221.1750,
31.8670,218.5006,-220.1701,
44.4621,217.2632,-218.8475,
55.1794,215.6120,-217.7093,
66.0435,213.3925,-216.5233,
76.8466,210.9520,-215.0886,
87.5323,208.2950,-213.4176,
98.2381,205.4038,-211.4714,
108.7138,202.3138,-209.3168,
119.0975,199.0077,-206.9158,
129.3346,195.4959,-204.2857,
139.1387,191.5083,-201.7573,
145.5195,182.8618,-203.6677,
151.5621,173.7322,-205.6919,
157.4407,164.4735,-207.5022,
163.1292,155.1314,-209.0829,
168.6832,145.5712,-210.4630,
173.9989,136.0220,-211.5857,
179.1311,126.3493,-212.4801,
184.0566,116.6039,-213.1340,
188.4169,106.8868,-213.7731,
192.8984,95.3275,-214.5418,
197.1170,83.6454,-214.9953,
201.0453,71.9023,-215.1279,
204.7260,59.9479,-214.9326,
208.0691,48.0615,-214.4111,
211.1180,36.0956,-213.5587,
213.8537,24.1170,-212.3777,
215.6486,13.7374,-211.3756,
216.9787,3.0422,-210.3403,
218.0708,-7.6753,-209.0467,
218.9129,-18.3577,-207.5063,
219.5283,-29.1360,-205.6823,
219.8774,-39.7654,-203.6405,
219.9844,-50.3781,-201.3455,
219.8454,-60.9161,-198.8155,
219.1551,-71.2077,-196.4018,
213.5499,-79.8958,-198.7087,
207.3678,-88.4552,-201.1372,
200.9568,-96.9237,-203.3353,
194.3513,-105.2586,-205.2840,
187.4512,-113.5522,-207.0160,
180.4318,-121.6293,-208.4654,
173.1949,-129.5808,-209.6662,
165.7826,-137.3658,-210.6056,
158.1892,-144.6196,-211.5134,
148.8988,-152.5935,-212.5839,
139.3661,-160.3586,-213.3160,
129.6466,-167.8688,-213.7057,
119.6171,-175.2149,-213.7537,
109.5184,-182.2221,-213.4604,
99.2282,-188.9831,-212.8297,
88.8073,-195.4629,-211.8674,
79.5842,-200.5462,-211.0574,
69.9040,-205.3051,-210.2241,
60.1133,-209.8609,-209.1379,
50.2619,-214.1868,-207.8129,
40.2316,-218.3536,-206.2172,
30.2406,-222.2451,-204.4146,
20.1690,-225.9328,-202.3740,
10.0658,-229.3975,-200.1135,
0.0000,-232.2813,-197.9770,
-10.0834,-229.7991,-200.4639,
-20.2377,-226.7026,-203.0636,
-30.3910,-223.3509,-205.4317,
-40.4918,-219.7660,-207.5511,
-50.6602,-215.8840,-209.4596,
-60.6745,-211.8199,-211.0902,
-70.6548,-207.5101,-212.4820,
-80.5516,-202.9841,-213.6231,
-90.0064,-198.1022,-214.7281,
-100.7186,-191.8216,-216.0264,
-111.3379,-185.2495,-217.0068,
-121.8068,-178.4225,-217.6668,
-132.2593,-171.2518,-218.0125,
-142.4511,-163.9083,-218.0379,
-152.5178,-156.3023,-217.7508,
-162.4084,-148.4769,-217.1550,
-170.5462,-141.3129,-216.6571,
-178.5428,-133.5820,-216.1402,
-186.4213,-125.6669,-215.3855,
-194.1397,-117.6040,-214.4026,
-201.8115,-109.2990,-213.1640,
-209.2437,-100.9206,-211.7202,
-216.5506,-92.3722,-210.0441,
-223.6948,-83.6914,-208.1486,
-230.2523,-74.8135,-206.3468,
-230.8748,-63.9722,-208.7900,
-230.8790,-52.8731,-211.3171,
-230.6426,-41.7124,-213.6108,
-230.1721,-30.5487,-215.6548,
-229.4395,-19.2405,-217.4845,
-228.4925,-8.0421,-219.0372,
-227.3030,3.1870,-220.3488,
-225.8837,14.3894,-221.4080,
-223.9551,25.2562,-222.4094,
-221.0003,37.7852,-223.5553,
-217.7407,50.2955,-224.3775,
-214.1935,62.7201,-224.8721,
-210.3095,75.2156,-225.0411,
-206.1801,87.4913,-224.8804,
-201.7561,99.7049,-224.3933,
-197.0624,111.7913,-223.5823,
-192.4606,121.9280,-222.8657,
-187.2370,132.0667,-222.0951,
-181.7995,142.1200,-221.0714,
-176.1704,152.0326,-219.8048,
-170.2914,161.9424,-218.2628,
-164.2686,171.6065,-216.5013,
-158.0438,181.1621,-214.4886,
-151.6435,190.5575,-212.2389,
-144.8633,199.3876,-210.0583,
-139.7879,210.7161,-205.4236,
-128.9743,213.9878,-207.1975,
-117.7617,216.7475,-209.0369,
-106.5132,219.2668,-210.6512,
-95.1367,221.5995,-212.0277,
-83.7324,223.6860,-213.1734,
-72.4156,225.5677,-214.0408,
-61.0812,227.2044,-214.6802,
-49.9964,228.2938,-215.2679,
-38.9119,229.1511,-215.6377,
-25.9512,229.4850,-216.0508,
-13.0165,229.5031,-216.1657,
0.0000,229.2599,-215.9369,
12.9706,228.6931,-215.4029,
25.7687,227.8705,-214.5308,
38.5007,226.7294,-213.3588,
49.3168,225.1904,-212.3415,
60.0643,223.4217,-211.1060,
70.9831,221.1053,-209.8064,
81.8102,218.5508,-208.2794,
92.6420,215.7885,-206.4677,
103.3656,212.7871,-204.4261,
113.8839,209.6101,-202.1533,
124.2815,206.2016,-199.6583,
134.2322,202.3414,-197.2591,
144.0495,198.2679,-194.6533,
150.4677,189.5720,-196.6192,
156.7034,180.7642,-198.3911,
162.6274,171.4685,-200.2677,
168.3549,162.0632,-201.9363,
173.9589,152.4766,-203.3810,
179.3551,142.7806,-204.6089,
184.5402,133.0887,-205.5647,
189.5120,123.2946,-206.3018,
193.9325,113.5652,-207.0082,
198.1420,103.7519,-207.5022,
202.4854,92.0732,-208.0884,
206.5295,80.2992,-208.3786,
210.3495,68.3469,-208.3218,
213.8506,56.3176,-207.9569,
217.0479,44.3495,-207.2432,
219.9200,32.3289,-206.2236,
221.8562,21.9385,-205.3512,
223.5487,11.5301,-204.2550,
224.8050,0.7907,-203.1088,
225.8013,-9.9468,-201.7284,
226.5903,-20.7596,-200.0538,
227.1130,-31.5504,-198.1435,
227.3962,-42.2099,-195.9938,
227.4191,-52.8302,-193.6175,
226.9105,-63.1837,-191.3502,
226.1563,-73.4819,-188.8736,
220.5798,-82.2070,-191.2344,
214.7870,-90.8255,-193.3907,
208.4219,-99.3413,-195.6594,
201.8362,-107.7288,-197.7052,
194.9887,-116.0764,-199.5125,
187.9228,-124.2773,-201.0849,
180.7404,-132.2878,-202.3629,
173.3522,-140.1396,-203.4035,
165.8168,-147.4632,-204.3971,
158.0990,-154.6198,-205.1620,
148.6704,-162.5188,-206.0548,
139.0148,-170.1688,-206.6321,
129.0829,-177.6667,-206.8471,
118.9452,-184.8928,-206.7410,
108.7390,-191.8184,-206.2743,
98.3572,-198.4641,-205.4971,
89.1966,-203.7049,-204.8351,
79.9263,-208.7325,-203.9505,
70.1917,-213.4715,-203.0267,
60.3594,-217.9808,-201.8741,
50.3728,-222.3406,-200.4373,
40.3028,-226.4666,-198.7753,
30.2616,-230.3508,-196.8837,
20.1515,-234.0082,-194.7785,
10.1024,-237.0968,-192.7872,
0.0000,-239.9680,-190.5997,
-10.1218,-237.5524,-193.1576,
-20.2270,-234.8851,-195.5085,
-30.4278,-231.6165,-197.9655,
-40.5915,-228.0888,-200.1991,
-50.8156,-224.2954,-202.1995,
-60.9860,-220.2436,-203.9697,
-71.0302,-216.0219,-205.4522,
-81.0067,-211.5539,-206.7072,
-90.5350,-206.7616,-207.9087,
-99.9825,-201.7436,-208.8929,
-110.7244,-195.3209,-210.0406,
-121.3328,-188.6042,-210.8909,
-131.9266,-181.5808,-211.4040,
-142.3683,-174.2739,-211.6168,
-152.5918,-166.8054,-211.4898,
-162.6534,-159.0740,-211.0722,
-170.9432,-152.0222,-210.7163,
-179.1019,-144.7878,-210.1500,
-187.1596,-136.9862,-209.5499,
-195.0679,-129.0026,-208.7306,
-202.9333,-120.8059,-207.6415,
-210.6441,-112.4299,-206.3329,
-218.1546,-103.9803,-204.7962,
-225.5113,-95.3605,-203.0467,
-232.2853,-86.5695,-201.3826,
-238.9019,-77.6232,-199.5181,
-239.5896,-66.7143,-202.0424,
-240.0300,-55.7598,-204.3542,
-239.8695,-44.5253,-206.7446,
-239.4500,-33.2643,-208.9068,
-238.7987,-21.8782,-210.8325,
-237.8842,-10.4791,-212.5231,
-236.7774,0.8328,-213.9258,
-235.4132,12.1420,-215.0955,
-233.5678,23.0966,-216.1916,
-231.4807,34.0284,-217.0642,
-228.3663,46.6622,-218.0505,
-224.9282,59.2348,-218.7291,
-221.1931,71.8702,-219.0609,
-217.1345,84.4225,-219.0787,
-212.8564,96.7891,-218.7464,
-208.2680,109.0541,-218.1065,
-203.7881,119.3365,-217.5284,
-199.0874,129.5244,-216.7257,
-193.7766,139.7499,-215.8534,
-188.2413,149.8548,-214.7464,
-182.4874,159.9520,-213.3521,
-176.5118,169.9152,-211.7203,
-170.4057,179.6698,-209.8464,
-164.0881,189.2830,-207.7406,
-157.4153,198.3252,-205.6978,
-150.5497,207.2148,-203.4371,
-145.4189,218.6491,-198.6145,
-134.4855,221.9569,-200.4685,
-123.5282,225.0103,-202.1159,
-112.1608,227.5716,-203.8216,
-100.6981,229.9704,-205.2647,
-89.1807,232.1022,-206.4974,
-77.6674,233.9638,-207.5086,
-66.2267,235.6489,-208.2267,
-55.0663,236.8089,-208.8773,
-43.8811,237.7165,-209.3278,
-32.7265,238.3730,-209.5719,
-19.6677,238.5009,-209.8288,
-6.5555,238.4032,-209.7189,
6.5433,237.9549,-209.3245,
19.5570,237.1579,-208.6472,
32.4198,236.1388,-207.6076,
43.3298,234.7292,-206.6972,
54.1970,233.0703,-205.5797,
64.9665,231.1648,-204.2644,
75.9306,228.7317,-202.8681,
86.8821,226.1195,-201.1747,
97.7530,223.2443,-199.2612,
108.4855,220.1143,-197.1426,
119.0380,216.8311,-194.7689,
129.1299,213.1179,-192.4852,
139.1127,209.1671,-190.0012,
148.9351,204.9917,-187.3350,
155.4001,196.2574,-189.3421,
161.6773,187.3853,-191.1774,
167.7432,178.4182,-192.8255,
173.5211,168.9595,-194.5682,
179.1865,159.3548,-196.0622,
184.6372,149.6149,-197.3619,
189.8503,139.7879,-198.4547,
194.8797,129.9567,-199.2598,
199.3710,120.2241,-200.0180,
203.6449,110.3813,-200.5844,
207.6830,100.4755,-200.9511,
211.8582,88.6841,-201.3772,
215.8323,76.7496,-201.4342,
219.4785,64.7000,-201.2094,
222.7738,52.6040,-200.7014,
225.7996,40.5572,-199.8206,
227.8875,30.1696,-199.0603,
229.7253,19.7323,-198.0908,
231.2991,9.3005,-196.9199,
232.4631,-1.4778,-195.6820,
233.4390,-12.3084,-194.1380,
234.1382,-23.1527,-192.3708,
234.5523,-33.9534,-190.3951,
234.7537,-44.6378,-188.1568,
234.4411,-55.0395,-186.0195,
233.8701,-65.4164,-183.6809,
233.0383,-75.7184,-181.1596,
227.5026,-84.4842,-183.5571,
221.7276,-93.1506,-185.7758,
215.7445,-101.6760,-187.7971,
209.1927,-110.1219,-189.9217,
202.4117,-118.5288,-191.7840,
195.3851,-126.7955,-193.4390,
188.1522,-134.8811,-194.8708,
180.8049,-142.8034,-195.9946,
173.3418,-150.2027,-197.0544,
165.6686,-157.4396,-197.9094,
157.8271,-164.4800,-198.5503,
148.2579,-172.2788,-199.2892,
138.4462,-179.9376,-199.6431,
128.3874,-187.3298,-199.7033,
118.1401,-194.4148,-199.4698,
107.8242,-201.2370,-198.8545,
98.7458,-206.6414,-198.3221,
89.5243,-211.8365,-197.5807,
80.2055,-216.7950,-196.6391,
70.4151,-221.4972,-195.6426,
60.4951,-226.0597,-194.3466,
50.4545,-230.3886,-192.8358,
40.3430,-234.4602,-191.1255,
30.2496,-238.3231,-189.1610,
20.2386,-241.6273,-187.3007,
10.1404,-244.7112,-185.2503,
0.0000,-247.5573,-183.0274,
-10.1616,-245.2236,-185.6382,
-20.3215,-242.6166,-188.0676,
-30.4313,-239.7547,-190.2974,
-40.6599,-236.3021,-192.6269,
-50.9420,-232.6149,-194.6993,
-61.1863,-228.6428,-196.5673,
-71.3415,-224.4115,-198.2167,
-81.3996,-220.0226,-199.5666,
-91.0039,-215.3376,-200.8462,
-100.5419,-210.4001,-201.9294,
-109.9681,-205.2383,-202.8084,
-120.7199,-198.6602,-203.8255,
-131.4591,-191.8117,-204.4812,
-142.0638,-184.6395,-204.8599,
-152.4779,-177.1826,-204.9619,
-162.7165,-169.5756,-204.7013,
-171.1609,-162.6591,-204.4706,
-179.4880,-155.5284,-204.0414,
-187.6555,-148.2141,-203.4207,
-195.7596,-140.3347,-202.7499,
-203.8237,-132.2718,-201.7936,
-211.7452,-123.9944,-200.6276,
-219.4819,-115.5383,-199.2630,
-227.0582,-107.0079,-197.6453,
-234.0552,-98.3296,-196.1045,
-240.9040,-89.4609,-194.3698,
-247.5675,-80.4392,-192.4544,
-248.3394,-69.4637,-195.0451,
-248.8418,-58.4203,-197.4458,
-249.0800,-47.3620,-199.6396,
-248.7323,-36.0061,-201.9056,
-248.1840,-24.5416,-203.9110,
-247.3460,-13.0417,-205.7036,
-246.2290,-1.5654,-207.2699,
-244.9423,9.8491,-208.5353,
-243.2011,20.8898,-209.7109,
-241.1915,31.9309,-210.6815,
-238.9285,42.9153,-211.4390,
-235.6290,55.6395,-212.2829,
-232.0739,68.4130,-212.7564,
-228.1569,81.1321,-212.9367,
-223.8997,93.7247,-212.8231,
-219.4493,106.1680,-212.3361,
-215.1144,116.5981,-211.8816,
-210.5302,126.9533,-211.2135,
-205.7144,137.1818,-210.3380,
-200.2991,147.4815,-209.3772,
-194.6975,157.7670,-208.1156,
-188.8402,167.9401,-206.6252,
-182.7506,177.9464,-204.9173,
-176.5446,187.7798,-202.9430,
-170.0052,197.0375,-201.0250,
-163.2401,206.1588,-198.8946,
-156.2750,215.0943,-196.5674,
-151.0695,226.6324,-191.5637,
-140.0431,229.9776,-193.4872,
-128.9727,233.0726,-195.2085,
-117.8622,235.9186,-196.7268,
-106.2860,238.3668,-198.2537,
-94.6849,240.5489,-199.5629,
-83.0643,242.4641,-200.6542,
-71.4300,244.1121,-201.5276,
-60.1706,245.3268,-202.2538,
-48.9130,246.2913,-202.7767,
-37.6623,247.0071,-203.0949,
-26.4245,247.4728,-203.2090,
-13.1913,247.4991,-203.2303,
0.0000,247.1789,-202.9681,
13.1388,246.5136,-202.4211,
26.2142,245.5020,-201.5907,
37.2354,244.2068,-200.7924,
48.1930,242.6653,-199.7913,
59.0799,240.8793,-198.5872,
69.8898,238.8481,-197.1818,
80.9764,236.3693,-195.6104,
91.9625,233.6325,-193.8249,
102.8406,230.6395,-191.8268,
113.6028,227.3926,-189.6172,
123.8475,223.8106,-187.4511,
133.9661,219.9980,-185.0910,
143.9528,215.9558,-182.5392,
153.8004,211.6882,-179.7969,
160.3073,202.8887,-181.8640,
166.6166,193.9780,-183.7504,
172.7264,184.9568,-185.4549,
178.6339,175.8274,-186.9758,
184.3533,166.1782,-188.5358,
189.8509,156.4214,-189.8958,
195.1233,146.5598,-191.0536,
200.1663,136.5967,-192.0073,
204.7203,126.8373,-192.8302,
209.0532,116.9924,-193.4588,
213.1609,107.0669,-193.8913,
217.0399,97.0633,-194.1264,
221.1545,85.1189,-194.3088,
224.9399,73.0880,-194.2122,
228.3903,60.9802,-193.8344,
231.4999,48.8065,-193.1741,
233.7299,38.4031,-192.5299,
235.7089,27.9704,-191.6819,
237.4347,17.5169,-190.6300,
238.9055,7.0489,-189.3744,
240.0570,-3.8155,-187.9635,
240.9326,-14.6752,-186.3365,
241.5315,-25.5212,-184.4948,
241.8538,-36.3443,-182.4405,
241.7273,-46.8041,-180.4344,
241.3433,-57.2248,-178.2343,
240.7032,-67.5983,-175.8424,
239.8086,-77.9179,-173.2615,
234.2921,-86.7281,-175.7116,
228.5556,-95.4231,-177.9764,
222.6000,-103.9971,-180.0523,
216.4276,-112.4422,-181.9367,
209.6901,-120.9093,-183.8686,
202.7282,-129.2230,-185.5891,
195.5453,-137.3771,-187.0948,
188.1460,-145.3628,-188.3835,
180.7349,-152.8362,-189.5204,
173.1327,-160.1389,-190.4506,
165.3450,-167.2643,-191.1728,
157.3784,-174.2051,-191.6866,
147.6642,-182.0190,-192.1887,
137.7229,-189.5588,-192.3994,
127.5663,-196.8171,-192.3188,
117.2071,-203.7861,-191.9490,
108.1963,-209.3511,-191.5497,
99.0571,-214.7001,-190.9450,
89.7973,-219.8303,-190.1369,
80.4242,-224.7402,-189.1271,
70.5571,-229.5013,-187.9752,
60.5848,-234.0219,-186.6132,
50.5146,-238.3025,-185.0433,
40.3532,-242.3430,-183.2688,
30.3694,-245.8589,-181.5421,
20.3128,-249.1493,-179.6297,
10.1883,-252.2148,-177.5344,
0.0000,-255.0566,-175.2590,
-10.2114,-252.7872,-177.9373,
-20.4029,-250.2557,-180.4274,
-30.5676,-247.4639,-182.7272,
-40.6980,-244.4136,-184.8347,
-51.0467,-240.8126,-186.9925,
-61.3404,-236.9405,-188.9405,
-71.5713,-232.8005,-190.6775,
-81.7321,-228.3953,-192.2030,
-91.4188,-223.8000,-193.5704,
-101.0249,-218.9653,-194.7383,
-110.5444,-213.8945,-195.7068,
-119.9712,-208.5921,-196.4758,
-130.8591,-201.8975,-197.2831,
-141.5983,-194.8929,-197.8134,
-152.1807,-187.5863,-198.0670,
-162.5990,-179.9840,-198.0453,
-171.2012,-173.1886,-197.9438,
-179.6739,-166.1892,-197.6461,
-188.0133,-158.9911,-197.1526,
-196.2164,-151.5980,-196.4641,
-204.4808,-143.6547,-195.6443,
-212.5906,-135.5095,-194.6177,
-220.5428,-127.1672,-193.3849,
-228.3357,-118.6290,-191.9471,
-235.5565,-110.0503,-190.5323,
-242.6187,-101.2946,-188.9274,
-249.5204,-92.3652,-187.1324,
-256.2597,-83.2631,-185.1475,
-257.0995,-72.2031,-187.8206,
-257.6746,-61.0971,-190.2952,
-257.9850,-49.9520,-192.5699,
-258.0304,-38.7753,-194.6432,
-257.5662,-27.2155,-196.7430,
-256.8194,-15.6429,-198.6234,
-255.7909,-4.0656,-200.2831,
-254.4812,7.5085,-201.7209,
-252.8260,18.6524,-202.9872,
-250.9109,29.7743,-204.0444,
-248.7370,40.8688,-204.8918,
-246.3058,51.9280,-205.5288,
-242.9072,64.8562,-206.1549,
-239.1566,77.7073,-206.4869,
-235.0577,90.4700,-206.5243,
-230.6134,103.1336,-206.2670,
-226.4083,113.7209,-205.9412,
-221.9610,124.2160,-205.4039,
-217.2739,134.6150,-204.6548,
-212.3497,144.9109,-203.6942,
-206.8841,155.3936,-202.5692,
-201.1712,165.7484,-201.2188,
-195.2142,175.9685,-199.6433,
-189.0165,186.0470,-197.8434,
-182.5966,195.5260,-196.0526,
-175.9594,204.8551,-194.0541,
-169.1085,214.0277,-191.8488,
-162.0467,223.0385,-189.4372,
-134.4394,241.2867,-187.9884,
-123.1932,244.1703,-189.5876,
-111.9757,246.7112,-191.0294,
-100.2398,248.9416,-192.4303,
-88.4611,250.9076,-193.6148,
-82.0384,261.1428,-187.3520,
-76.6979,252.6062,-194.5729,
-70.6213,262.5494,-188.1608,
-65.4000,253.9568,-195.3066,
-59.2055,263.6895,-188.7809,
-54.0207,254.9739,-195.9106,
-47.6914,264.5182,-189.2555,
-42.6246,255.7420,-196.3107,
-36.1921,265.0764,-189.5384,
-31.2682,256.2624,-196.5015,
-24.8134,265.3303,-189.6554,
-20.0040,256.4539,-196.5472,
-13.4622,265.3205,-189.5834,
-6.6655,256.2571,-196.4192,
0.0001,264.9141,-189.2930,
6.6515,255.7150,-196.0037,
13.4022,264.1355,-188.7367,
19.8775,254.8302,-195.3029,
24.6097,263.1515,-188.0980,
30.9594,253.7307,-194.5602,
35.7595,261.9070,-187.2721,
42.0513,252.3017,-193.6699,
46.9409,260.3549,-186.2768,
53.0999,250.6273,-192.5709,
58.0491,258.5385,-185.0932,
64.0492,248.7111,-191.2724,
68.9754,256.4299,-183.7752,
74.8376,246.4791,-189.8535,
79.8149,254.0647,-182.2740,
85.9811,243.8731,-188.1866,
97.0454,241.0083,-186.2979,
107.9737,237.8934,-184.2018,
118.3301,234.5314,-182.1034,
128.6227,230.8468,-179.8546,
177.7610,191.4658,-177.8135,
183.7155,182.2647,-179.3982,
189.3714,172.9939,-180.8473,
194.9290,163.1769,-182.2817,
200.2724,153.2352,-183.5177,
210.5229,149.8340,-176.8615,
205.3786,143.2197,-184.5425,
215.2495,140.0809,-177.7354,
210.0400,133.5082,-185.3547,
219.7456,130.2409,-178.4340,
214.4406,123.6194,-186.0540,
224.0043,120.2135,-179.0036,
218.6262,113.6281,-186.5598,
228.0219,110.1070,-179.3922,
222.5779,103.5856,-186.8643,
231.7371,100.0067,-179.6257,
226.2143,93.5179,-187.0339,
235.2089,89.8398,-179.6792,
230.1483,81.4549,-187.0668,
238.9791,77.6495,-179.5495,
233.7605,69.2873,-186.8181,
242.3954,65.3824,-179.1626,
237.0293,57.0800,-186.2875,
244.9562,55.0118,-178.6735,
239.4479,46.7326,-185.6956,
247.2609,44.6016,-178.0017,
241.5744,36.2658,-184.9621,
249.2982,34.0593,-177.1670,
243.4575,25.7511,-184.0207,
251.0705,23.4916,-176.1463,
245.0829,15.2425,-182.8796,
252.5236,12.9902,-174.9954,
246.3746,4.7752,-181.6217,
253.7132,2.4790,-173.6628,
247.4304,-6.1365,-180.1233,
248.2167,-17.0647,-178.4030,
248.7251,-27.9519,-176.4750,
248.8422,-38.4014,-174.5451,
248.6474,-48.8973,-172.4694,
229.3656,-106.3431,-172.0674,
223.2079,-114.8474,-174.0138,
216.8415,-123.1220,-175.8173,
209.9116,-131.5088,-177.6157,
202.7452,-139.7555,-179.2062,
202.5178,-150.1824,-172.5691,
195.3815,-147.8209,-180.5743,
195.2824,-157.8242,-173.7689,
188.1025,-155.3831,-181.7061,
187.8492,-165.2931,-174.7851,
180.5388,-162.7733,-182.7186,
180.1300,-172.6148,-175.6680,
172.7718,-170.0037,-183.5281,
172.2208,-179.7475,-176.3618,
164.8435,-177.0405,-184.1255,
164.1839,-186.6052,-176.8905,
156.7586,-183.7989,-184.5784,
155.9726,-193.2660,-177.2322,
146.8976,-191.5092,-184.9390,
145.9604,-200.8972,-177.4382,
136.7944,-198.9622,-185.0088,
135.7222,-208.2345,-177.3797,
126.5061,-206.1168,-184.7885,
126.9326,-214.1415,-177.1633,
117.6468,-211.8622,-184.4548,
117.9983,-219.8333,-176.7611,
108.5612,-217.3839,-183.9799,
108.8307,-225.3319,-176.1974,
99.3306,-222.7046,-183.2972,
99.5306,-230.6046,-175.4477,
90.0012,-227.7964,-182.4144,
90.1668,-235.5713,-174.5669,
80.5839,-232.5765,-181.4162,
80.6863,-240.3126,-173.5060,
70.6503,-237.3068,-180.1918,
60.5917,-241.8125,-178.7515,
50.4568,-246.0698,-177.1087,
40.5858,-249.8318,-175.4596,
30.5433,-253.3439,-173.6735,
-30.7592,-255.1346,-174.9011,
-40.9617,-252.1459,-177.0848,
-51.0306,-248.8683,-179.1228,
-61.4092,-245.0751,-181.1633,
-71.7509,-241.0036,-182.9989,
-82.2200,-244.8806,-176.8042,
-82.0052,-236.6789,-184.6161,
-92.0730,-240.5516,-178.2575,
-91.7657,-232.2625,-185.9907,
-101.8471,-235.9716,-179.5310,
-101.4732,-227.5084,-187.2509,
-111.5975,-231.0606,-180.6769,
-111.1190,-222.5058,-188.3148,
-121.2548,-225.9003,-181.6394,
-120.6570,-217.2832,-189.1745,
-130.7128,-220.5190,-182.4395,
-130.0009,-211.8110,-189.8934,
-140.0672,-214.9010,-183.0584,
-140.9107,-204.9493,-190.5759,
-151.0300,-207.8749,-183.6012,
-151.6967,-197.7657,-190.9809,
-161.8302,-200.5243,-183.8883,
-162.3030,-190.2999,-191.1069,
-170.7519,-194.0702,-183.9669,
-171.0613,-183.7184,-191.0707,
-179.5481,-187.3952,-183.8654,
-179.7107,-176.8315,-190.8990,
-188.2718,-180.4170,-183.6082,
-188.2534,-169.7289,-190.5263,
-196.8592,-173.2213,-183.1685,
-196.6461,-162.4407,-189.9593,
-205.2016,-165.8408,-182.5954,
-204.7949,-154.9429,-189.2744,
-213.4018,-158.2538,-181.8436,
-213.1223,-146.9086,-188.3786,
-221.3195,-138.6559,-187.2685,
-229.3437,-130.2207,-185.9541,
-236.8010,-121.8415,-184.6110,
-244.1053,-113.1770,-183.1250,
-267.0008,-52.5066,-185.1999,
-267.1128,-41.2210,-187.3607,
-266.8871,-29.9930,-189.3612,
-266.2210,-18.3026,-191.3434,
-273.6315,2.6735,-187.2966,
-265.2685,-6.5789,-193.1090,
-272.2508,14.0050,-188.6661,
-264.0405,5.1176,-194.6446,
-270.5928,25.3182,-189.8428,
-262.5702,16.3300,-195.9286,
-268.5864,36.6944,-190.8744,
-260.7363,27.5787,-197.0812,
-266.3003,48.0359,-191.7081,
-258.6368,38.8272,-198.0260,
-263.7259,59.2271,-192.3643,
-256.2871,50.0191,-198.7547,
-260.8798,70.3683,-192.8250,
-253.6204,61.0754,-199.3269,
-257.0905,83.5343,-193.1570,
-250.0213,74.1070,-199.8135,
-252.9224,96.6056,-193.2108,
-246.0636,87.0877,-200.0029,
-249.0863,107.4938,-193.0736,
-241.7682,99.9480,-199.8940,
-244.9873,118.2993,-192.7395,
-237.7940,110.6670,-199.6390,
-240.5543,129.0952,-192.2289,
-233.4719,121.3440,-199.2281,
-235.8587,139.7910,-191.5179,
-228.9004,131.9551,-198.5997,
-230.8967,150.2639,-190.6557,
-224.0980,142.4439,-197.7605,
-225.6820,160.6231,-189.5968,
-219.0026,152.7205,-196.7845,
-213.4206,163.2953,-195.5660,
-207.5814,173.7683,-194.1133,
-201.5086,184.0815,-192.4382,
-195.3155,193.7732,-190.7257,
-188.7918,203.3472,-188.8476,
